V2.y,V1
小黃瓜,rice flour
黃瓜,rice flour
黃瓜皮,rice flour
絲瓜,rice flour
稜角絲瓜,rice flour
冬瓜,rice flour
冬瓜皮,rice flour
苦瓜,rice flour
南瓜,rice flour
日本南瓜,rice flour
菊花南瓜,rice flour
西葫蘆,rice flour
葫蘆,rice flour
瓠瓜,rice flour
節瓜,rice flour
越瓜,rice flour
筍瓜,rice flour
佛手瓜,rice flour
酪梨,rice flour
蛇瓜,rice flour
青木瓜,rice flour
碟瓜,rice flour
番茄,rice flour
秋葵,rice flour
茄子,rice flour
水茄,rice flour
泰式小圓茄,rice flour
人參果,rice flour
番椒,rice flour
青龍辣椒,rice flour
甜椒,rice flour
角椒,rice flour
米椒,rice flour
翡翠椒,rice flour
小黃瓜,中筋麵粉
黃瓜,中筋麵粉
黃瓜皮,中筋麵粉
絲瓜,中筋麵粉
稜角絲瓜,中筋麵粉
冬瓜,中筋麵粉
冬瓜皮,中筋麵粉
苦瓜,中筋麵粉
南瓜,中筋麵粉
日本南瓜,中筋麵粉
菊花南瓜,中筋麵粉
西葫蘆,中筋麵粉
葫蘆,中筋麵粉
瓠瓜,中筋麵粉
節瓜,中筋麵粉
越瓜,中筋麵粉
筍瓜,中筋麵粉
佛手瓜,中筋麵粉
酪梨,中筋麵粉
蛇瓜,中筋麵粉
青木瓜,中筋麵粉
碟瓜,中筋麵粉
番茄,中筋麵粉
秋葵,中筋麵粉
茄子,中筋麵粉
水茄,中筋麵粉
泰式小圓茄,中筋麵粉
人參果,中筋麵粉
番椒,中筋麵粉
青龍辣椒,中筋麵粉
甜椒,中筋麵粉
角椒,中筋麵粉
米椒,中筋麵粉
翡翠椒,中筋麵粉
小黃瓜,九層塔
黃瓜,九層塔
黃瓜皮,九層塔
絲瓜,九層塔
稜角絲瓜,九層塔
冬瓜,九層塔
冬瓜皮,九層塔
苦瓜,九層塔
南瓜,九層塔
日本南瓜,九層塔
菊花南瓜,九層塔
西葫蘆,九層塔
葫蘆,九層塔
瓠瓜,九層塔
節瓜,九層塔
越瓜,九層塔
筍瓜,九層塔
佛手瓜,九層塔
酪梨,九層塔
蛇瓜,九層塔
青木瓜,九層塔
碟瓜,九層塔
番茄,九層塔
秋葵,九層塔
茄子,九層塔
水茄,九層塔
泰式小圓茄,九層塔
人參果,九層塔
番椒,九層塔
青龍辣椒,九層塔
甜椒,九層塔
角椒,九層塔
米椒,九層塔
翡翠椒,九層塔
小黃瓜,冰塊
黃瓜,冰塊
黃瓜皮,冰塊
絲瓜,冰塊
稜角絲瓜,冰塊
冬瓜,冰塊
冬瓜皮,冰塊
苦瓜,冰塊
南瓜,冰塊
日本南瓜,冰塊
菊花南瓜,冰塊
西葫蘆,冰塊
葫蘆,冰塊
瓠瓜,冰塊
節瓜,冰塊
越瓜,冰塊
筍瓜,冰塊
佛手瓜,冰塊
酪梨,冰塊
蛇瓜,冰塊
青木瓜,冰塊
碟瓜,冰塊
番茄,冰塊
秋葵,冰塊
茄子,冰塊
水茄,冰塊
泰式小圓茄,冰塊
人參果,冰塊
番椒,冰塊
青龍辣椒,冰塊
甜椒,冰塊
角椒,冰塊
米椒,冰塊
翡翠椒,冰塊
小黃瓜,冰糖
黃瓜,冰糖
黃瓜皮,冰糖
絲瓜,冰糖
稜角絲瓜,冰糖
冬瓜,冰糖
冬瓜皮,冰糖
苦瓜,冰糖
南瓜,冰糖
日本南瓜,冰糖
菊花南瓜,冰糖
西葫蘆,冰糖
葫蘆,冰糖
瓠瓜,冰糖
節瓜,冰糖
越瓜,冰糖
筍瓜,冰糖
佛手瓜,冰糖
酪梨,冰糖
蛇瓜,冰糖
青木瓜,冰糖
碟瓜,冰糖
番茄,冰糖
秋葵,冰糖
茄子,冰糖
水茄,冰糖
泰式小圓茄,冰糖
人參果,冰糖
番椒,冰糖
青龍辣椒,冰糖
甜椒,冰糖
角椒,冰糖
米椒,冰糖
翡翠椒,冰糖
小黃瓜,吉利丁　
黃瓜,吉利丁　
黃瓜皮,吉利丁　
絲瓜,吉利丁　
稜角絲瓜,吉利丁　
冬瓜,吉利丁　
冬瓜皮,吉利丁　
苦瓜,吉利丁　
南瓜,吉利丁　
日本南瓜,吉利丁　
菊花南瓜,吉利丁　
西葫蘆,吉利丁　
葫蘆,吉利丁　
瓠瓜,吉利丁　
節瓜,吉利丁　
越瓜,吉利丁　
筍瓜,吉利丁　
佛手瓜,吉利丁　
酪梨,吉利丁　
蛇瓜,吉利丁　
青木瓜,吉利丁　
碟瓜,吉利丁　
番茄,吉利丁　
秋葵,吉利丁　
茄子,吉利丁　
水茄,吉利丁　
泰式小圓茄,吉利丁　
人參果,吉利丁　
番椒,吉利丁　
青龍辣椒,吉利丁　
甜椒,吉利丁　
角椒,吉利丁　
米椒,吉利丁　
翡翠椒,吉利丁　
小黃瓜,味醂
黃瓜,味醂
黃瓜皮,味醂
絲瓜,味醂
稜角絲瓜,味醂
冬瓜,味醂
冬瓜皮,味醂
苦瓜,味醂
南瓜,味醂
日本南瓜,味醂
菊花南瓜,味醂
西葫蘆,味醂
葫蘆,味醂
瓠瓜,味醂
節瓜,味醂
越瓜,味醂
筍瓜,味醂
佛手瓜,味醂
酪梨,味醂
蛇瓜,味醂
青木瓜,味醂
碟瓜,味醂
番茄,味醂
秋葵,味醂
茄子,味醂
水茄,味醂
泰式小圓茄,味醂
人參果,味醂
番椒,味醂
青龍辣椒,味醂
甜椒,味醂
角椒,味醂
米椒,味醂
翡翠椒,味醂
小黃瓜,地瓜粉
小黃瓜,地瓜粉
黃瓜,地瓜粉
黃瓜,地瓜粉
黃瓜皮,地瓜粉
黃瓜皮,地瓜粉
絲瓜,地瓜粉
絲瓜,地瓜粉
稜角絲瓜,地瓜粉
稜角絲瓜,地瓜粉
冬瓜,地瓜粉
冬瓜,地瓜粉
冬瓜皮,地瓜粉
冬瓜皮,地瓜粉
苦瓜,地瓜粉
苦瓜,地瓜粉
南瓜,地瓜粉
南瓜,地瓜粉
日本南瓜,地瓜粉
日本南瓜,地瓜粉
菊花南瓜,地瓜粉
菊花南瓜,地瓜粉
西葫蘆,地瓜粉
西葫蘆,地瓜粉
葫蘆,地瓜粉
葫蘆,地瓜粉
瓠瓜,地瓜粉
瓠瓜,地瓜粉
節瓜,地瓜粉
節瓜,地瓜粉
越瓜,地瓜粉
越瓜,地瓜粉
筍瓜,地瓜粉
筍瓜,地瓜粉
佛手瓜,地瓜粉
佛手瓜,地瓜粉
酪梨,地瓜粉
酪梨,地瓜粉
蛇瓜,地瓜粉
蛇瓜,地瓜粉
青木瓜,地瓜粉
青木瓜,地瓜粉
碟瓜,地瓜粉
碟瓜,地瓜粉
番茄,地瓜粉
番茄,地瓜粉
秋葵,地瓜粉
秋葵,地瓜粉
茄子,地瓜粉
茄子,地瓜粉
水茄,地瓜粉
水茄,地瓜粉
泰式小圓茄,地瓜粉
泰式小圓茄,地瓜粉
人參果,地瓜粉
人參果,地瓜粉
番椒,地瓜粉
番椒,地瓜粉
青龍辣椒,地瓜粉
青龍辣椒,地瓜粉
甜椒,地瓜粉
甜椒,地瓜粉
角椒,地瓜粉
角椒,地瓜粉
米椒,地瓜粉
米椒,地瓜粉
翡翠椒,地瓜粉
翡翠椒,地瓜粉
小黃瓜,奶粉
黃瓜,奶粉
黃瓜皮,奶粉
絲瓜,奶粉
稜角絲瓜,奶粉
冬瓜,奶粉
冬瓜皮,奶粉
苦瓜,奶粉
南瓜,奶粉
日本南瓜,奶粉
菊花南瓜,奶粉
西葫蘆,奶粉
葫蘆,奶粉
瓠瓜,奶粉
節瓜,奶粉
越瓜,奶粉
筍瓜,奶粉
佛手瓜,奶粉
酪梨,奶粉
蛇瓜,奶粉
青木瓜,奶粉
碟瓜,奶粉
番茄,奶粉
秋葵,奶粉
茄子,奶粉
水茄,奶粉
泰式小圓茄,奶粉
人參果,奶粉
番椒,奶粉
青龍辣椒,奶粉
甜椒,奶粉
角椒,奶粉
米椒,奶粉
翡翠椒,奶粉
小黃瓜,小黃瓜
黃瓜,小黃瓜
黃瓜皮,小黃瓜
絲瓜,小黃瓜
稜角絲瓜,小黃瓜
冬瓜,小黃瓜
冬瓜皮,小黃瓜
苦瓜,小黃瓜
南瓜,小黃瓜
日本南瓜,小黃瓜
菊花南瓜,小黃瓜
西葫蘆,小黃瓜
葫蘆,小黃瓜
瓠瓜,小黃瓜
節瓜,小黃瓜
越瓜,小黃瓜
筍瓜,小黃瓜
佛手瓜,小黃瓜
酪梨,小黃瓜
蛇瓜,小黃瓜
青木瓜,小黃瓜
碟瓜,小黃瓜
番茄,小黃瓜
秋葵,小黃瓜
茄子,小黃瓜
水茄,小黃瓜
泰式小圓茄,小黃瓜
人參果,小黃瓜
番椒,小黃瓜
青龍辣椒,小黃瓜
甜椒,小黃瓜
角椒,小黃瓜
米椒,小黃瓜
翡翠椒,小黃瓜
雞肉,巧克力
雞丁,巧克力
雞柳,巧克力
雞絞肉,巧克力
雞蓉,巧克力
雞肉絲,巧克力
雞胸肉,巧克力
雞里肌肉,巧克力
全雞,巧克力
半雞,巧克力
放山雞,巧克力
珠雞,巧克力
水雞,巧克力
春雞,巧克力
烏骨雞肉,巧克力
雞腳,巧克力
雞腿,巧克力
雞腿肉,巧克力
雞腿排,巧克力
棒棒腿,巧克力
雞翅,巧克力
雞屁股,巧克力
雞皮,巧克力
小黃瓜,巧克力
黃瓜,巧克力
黃瓜皮,巧克力
絲瓜,巧克力
稜角絲瓜,巧克力
冬瓜,巧克力
冬瓜皮,巧克力
苦瓜,巧克力
南瓜,巧克力
日本南瓜,巧克力
菊花南瓜,巧克力
西葫蘆,巧克力
葫蘆,巧克力
瓠瓜,巧克力
節瓜,巧克力
越瓜,巧克力
筍瓜,巧克力
佛手瓜,巧克力
酪梨,巧克力
蛇瓜,巧克力
青木瓜,巧克力
碟瓜,巧克力
番茄,巧克力
秋葵,巧克力
茄子,巧克力
水茄,巧克力
泰式小圓茄,巧克力
人參果,巧克力
番椒,巧克力
青龍辣椒,巧克力
甜椒,巧克力
角椒,巧克力
米椒,巧克力
翡翠椒,巧克力
小黃瓜,巴西里
黃瓜,巴西里
黃瓜皮,巴西里
絲瓜,巴西里
稜角絲瓜,巴西里
冬瓜,巴西里
冬瓜皮,巴西里
苦瓜,巴西里
南瓜,巴西里
日本南瓜,巴西里
菊花南瓜,巴西里
西葫蘆,巴西里
葫蘆,巴西里
瓠瓜,巴西里
節瓜,巴西里
越瓜,巴西里
筍瓜,巴西里
佛手瓜,巴西里
酪梨,巴西里
蛇瓜,巴西里
青木瓜,巴西里
碟瓜,巴西里
番茄,巴西里
秋葵,巴西里
茄子,巴西里
水茄,巴西里
泰式小圓茄,巴西里
人參果,巴西里
番椒,巴西里
青龍辣椒,巴西里
甜椒,巴西里
角椒,巴西里
米椒,巴西里
翡翠椒,巴西里
小黃瓜,排骨
黃瓜,排骨
黃瓜皮,排骨
絲瓜,排骨
稜角絲瓜,排骨
冬瓜,排骨
冬瓜皮,排骨
苦瓜,排骨
南瓜,排骨
日本南瓜,排骨
菊花南瓜,排骨
西葫蘆,排骨
葫蘆,排骨
瓠瓜,排骨
節瓜,排骨
越瓜,排骨
筍瓜,排骨
佛手瓜,排骨
酪梨,排骨
蛇瓜,排骨
青木瓜,排骨
碟瓜,排骨
番茄,排骨
秋葵,排骨
茄子,排骨
水茄,排骨
泰式小圓茄,排骨
人參果,排骨
番椒,排骨
青龍辣椒,排骨
甜椒,排骨
角椒,排骨
米椒,排骨
翡翠椒,排骨
小黃瓜,杏鮑菇
黃瓜,杏鮑菇
黃瓜皮,杏鮑菇
絲瓜,杏鮑菇
稜角絲瓜,杏鮑菇
冬瓜,杏鮑菇
冬瓜皮,杏鮑菇
苦瓜,杏鮑菇
南瓜,杏鮑菇
日本南瓜,杏鮑菇
菊花南瓜,杏鮑菇
西葫蘆,杏鮑菇
葫蘆,杏鮑菇
瓠瓜,杏鮑菇
節瓜,杏鮑菇
越瓜,杏鮑菇
筍瓜,杏鮑菇
佛手瓜,杏鮑菇
酪梨,杏鮑菇
蛇瓜,杏鮑菇
青木瓜,杏鮑菇
碟瓜,杏鮑菇
番茄,杏鮑菇
秋葵,杏鮑菇
茄子,杏鮑菇
水茄,杏鮑菇
泰式小圓茄,杏鮑菇
人參果,杏鮑菇
番椒,杏鮑菇
青龍辣椒,杏鮑菇
甜椒,杏鮑菇
角椒,杏鮑菇
米椒,杏鮑菇
翡翠椒,杏鮑菇
小黃瓜,栗粉
黃瓜,栗粉
黃瓜皮,栗粉
絲瓜,栗粉
稜角絲瓜,栗粉
冬瓜,栗粉
冬瓜皮,栗粉
苦瓜,栗粉
南瓜,栗粉
日本南瓜,栗粉
菊花南瓜,栗粉
西葫蘆,栗粉
葫蘆,栗粉
瓠瓜,栗粉
節瓜,栗粉
越瓜,栗粉
筍瓜,栗粉
佛手瓜,栗粉
酪梨,栗粉
蛇瓜,栗粉
青木瓜,栗粉
碟瓜,栗粉
番茄,栗粉
秋葵,栗粉
茄子,栗粉
水茄,栗粉
泰式小圓茄,栗粉
人參果,栗粉
番椒,栗粉
青龍辣椒,栗粉
甜椒,栗粉
角椒,栗粉
米椒,栗粉
翡翠椒,栗粉
小黃瓜,檸檬汁
黃瓜,檸檬汁
黃瓜皮,檸檬汁
絲瓜,檸檬汁
稜角絲瓜,檸檬汁
冬瓜,檸檬汁
冬瓜皮,檸檬汁
苦瓜,檸檬汁
南瓜,檸檬汁
日本南瓜,檸檬汁
菊花南瓜,檸檬汁
西葫蘆,檸檬汁
葫蘆,檸檬汁
瓠瓜,檸檬汁
節瓜,檸檬汁
越瓜,檸檬汁
筍瓜,檸檬汁
佛手瓜,檸檬汁
酪梨,檸檬汁
蛇瓜,檸檬汁
青木瓜,檸檬汁
碟瓜,檸檬汁
番茄,檸檬汁
秋葵,檸檬汁
茄子,檸檬汁
水茄,檸檬汁
泰式小圓茄,檸檬汁
人參果,檸檬汁
番椒,檸檬汁
青龍辣椒,檸檬汁
甜椒,檸檬汁
角椒,檸檬汁
米椒,檸檬汁
翡翠椒,檸檬汁
小黃瓜,泡打粉
黃瓜,泡打粉
黃瓜皮,泡打粉
絲瓜,泡打粉
稜角絲瓜,泡打粉
冬瓜,泡打粉
冬瓜皮,泡打粉
苦瓜,泡打粉
南瓜,泡打粉
日本南瓜,泡打粉
菊花南瓜,泡打粉
西葫蘆,泡打粉
葫蘆,泡打粉
瓠瓜,泡打粉
節瓜,泡打粉
越瓜,泡打粉
筍瓜,泡打粉
佛手瓜,泡打粉
酪梨,泡打粉
蛇瓜,泡打粉
青木瓜,泡打粉
碟瓜,泡打粉
番茄,泡打粉
秋葵,泡打粉
茄子,泡打粉
水茄,泡打粉
泰式小圓茄,泡打粉
人參果,泡打粉
番椒,泡打粉
青龍辣椒,泡打粉
甜椒,泡打粉
角椒,泡打粉
米椒,泡打粉
翡翠椒,泡打粉
雞肉,烤箱溫度
雞丁,烤箱溫度
雞柳,烤箱溫度
雞絞肉,烤箱溫度
雞蓉,烤箱溫度
雞肉絲,烤箱溫度
雞胸肉,烤箱溫度
雞里肌肉,烤箱溫度
全雞,烤箱溫度
半雞,烤箱溫度
放山雞,烤箱溫度
珠雞,烤箱溫度
水雞,烤箱溫度
春雞,烤箱溫度
烏骨雞肉,烤箱溫度
雞腳,烤箱溫度
雞腿,烤箱溫度
雞腿肉,烤箱溫度
雞腿排,烤箱溫度
棒棒腿,烤箱溫度
雞翅,烤箱溫度
雞屁股,烤箱溫度
雞皮,烤箱溫度
小黃瓜,煉乳
黃瓜,煉乳
黃瓜皮,煉乳
絲瓜,煉乳
稜角絲瓜,煉乳
冬瓜,煉乳
冬瓜皮,煉乳
苦瓜,煉乳
南瓜,煉乳
日本南瓜,煉乳
菊花南瓜,煉乳
西葫蘆,煉乳
葫蘆,煉乳
瓠瓜,煉乳
節瓜,煉乳
越瓜,煉乳
筍瓜,煉乳
佛手瓜,煉乳
酪梨,煉乳
蛇瓜,煉乳
青木瓜,煉乳
碟瓜,煉乳
番茄,煉乳
秋葵,煉乳
茄子,煉乳
水茄,煉乳
泰式小圓茄,煉乳
人參果,煉乳
番椒,煉乳
青龍辣椒,煉乳
甜椒,煉乳
角椒,煉乳
米椒,煉乳
翡翠椒,煉乳
小黃瓜,玉米粒
黃瓜,玉米粒
黃瓜皮,玉米粒
絲瓜,玉米粒
稜角絲瓜,玉米粒
冬瓜,玉米粒
冬瓜皮,玉米粒
苦瓜,玉米粒
南瓜,玉米粒
日本南瓜,玉米粒
菊花南瓜,玉米粒
西葫蘆,玉米粒
葫蘆,玉米粒
瓠瓜,玉米粒
節瓜,玉米粒
越瓜,玉米粒
筍瓜,玉米粒
佛手瓜,玉米粒
酪梨,玉米粒
蛇瓜,玉米粒
青木瓜,玉米粒
碟瓜,玉米粒
番茄,玉米粒
秋葵,玉米粒
茄子,玉米粒
水茄,玉米粒
泰式小圓茄,玉米粒
人參果,玉米粒
番椒,玉米粒
青龍辣椒,玉米粒
甜椒,玉米粒
角椒,玉米粒
米椒,玉米粒
翡翠椒,玉米粒
小黃瓜,甜椒
黃瓜,甜椒
黃瓜皮,甜椒
絲瓜,甜椒
稜角絲瓜,甜椒
冬瓜,甜椒
冬瓜皮,甜椒
苦瓜,甜椒
南瓜,甜椒
日本南瓜,甜椒
菊花南瓜,甜椒
西葫蘆,甜椒
葫蘆,甜椒
瓠瓜,甜椒
節瓜,甜椒
越瓜,甜椒
筍瓜,甜椒
佛手瓜,甜椒
酪梨,甜椒
蛇瓜,甜椒
青木瓜,甜椒
碟瓜,甜椒
番茄,甜椒
秋葵,甜椒
茄子,甜椒
水茄,甜椒
泰式小圓茄,甜椒
人參果,甜椒
番椒,甜椒
青龍辣椒,甜椒
甜椒,甜椒
角椒,甜椒
米椒,甜椒
翡翠椒,甜椒
雞肉,米
雞丁,米
雞柳,米
雞絞肉,米
雞蓉,米
雞肉絲,米
雞胸肉,米
雞里肌肉,米
全雞,米
半雞,米
放山雞,米
珠雞,米
水雞,米
春雞,米
烏骨雞肉,米
雞腳,米
雞腿,米
雞腿肉,米
雞腿排,米
棒棒腿,米
雞翅,米
雞屁股,米
雞皮,米
小黃瓜,米
黃瓜,米
黃瓜皮,米
絲瓜,米
稜角絲瓜,米
冬瓜,米
冬瓜皮,米
苦瓜,米
南瓜,米
日本南瓜,米
菊花南瓜,米
西葫蘆,米
葫蘆,米
瓠瓜,米
節瓜,米
越瓜,米
筍瓜,米
佛手瓜,米
酪梨,米
蛇瓜,米
青木瓜,米
碟瓜,米
番茄,米
秋葵,米
茄子,米
水茄,米
泰式小圓茄,米
人參果,米
番椒,米
青龍辣椒,米
甜椒,米
角椒,米
米椒,米
翡翠椒,米
小黃瓜,糖粉
黃瓜,糖粉
黃瓜皮,糖粉
絲瓜,糖粉
稜角絲瓜,糖粉
冬瓜,糖粉
冬瓜皮,糖粉
苦瓜,糖粉
南瓜,糖粉
日本南瓜,糖粉
菊花南瓜,糖粉
西葫蘆,糖粉
葫蘆,糖粉
瓠瓜,糖粉
節瓜,糖粉
越瓜,糖粉
筍瓜,糖粉
佛手瓜,糖粉
酪梨,糖粉
蛇瓜,糖粉
青木瓜,糖粉
碟瓜,糖粉
番茄,糖粉
秋葵,糖粉
茄子,糖粉
水茄,糖粉
泰式小圓茄,糖粉
人參果,糖粉
番椒,糖粉
青龍辣椒,糖粉
甜椒,糖粉
角椒,糖粉
米椒,糖粉
翡翠椒,糖粉
小黃瓜,紅蔥頭
黃瓜,紅蔥頭
黃瓜皮,紅蔥頭
絲瓜,紅蔥頭
稜角絲瓜,紅蔥頭
冬瓜,紅蔥頭
冬瓜皮,紅蔥頭
苦瓜,紅蔥頭
南瓜,紅蔥頭
日本南瓜,紅蔥頭
菊花南瓜,紅蔥頭
西葫蘆,紅蔥頭
葫蘆,紅蔥頭
瓠瓜,紅蔥頭
節瓜,紅蔥頭
越瓜,紅蔥頭
筍瓜,紅蔥頭
佛手瓜,紅蔥頭
酪梨,紅蔥頭
蛇瓜,紅蔥頭
青木瓜,紅蔥頭
碟瓜,紅蔥頭
番茄,紅蔥頭
秋葵,紅蔥頭
茄子,紅蔥頭
水茄,紅蔥頭
泰式小圓茄,紅蔥頭
人參果,紅蔥頭
番椒,紅蔥頭
青龍辣椒,紅蔥頭
甜椒,紅蔥頭
角椒,紅蔥頭
米椒,紅蔥頭
翡翠椒,紅蔥頭
小黃瓜,美生菜
黃瓜,美生菜
黃瓜皮,美生菜
絲瓜,美生菜
稜角絲瓜,美生菜
冬瓜,美生菜
冬瓜皮,美生菜
苦瓜,美生菜
南瓜,美生菜
日本南瓜,美生菜
菊花南瓜,美生菜
西葫蘆,美生菜
葫蘆,美生菜
瓠瓜,美生菜
節瓜,美生菜
越瓜,美生菜
筍瓜,美生菜
佛手瓜,美生菜
酪梨,美生菜
蛇瓜,美生菜
青木瓜,美生菜
碟瓜,美生菜
番茄,美生菜
秋葵,美生菜
茄子,美生菜
水茄,美生菜
泰式小圓茄,美生菜
人參果,美生菜
番椒,美生菜
青龍辣椒,美生菜
甜椒,美生菜
角椒,美生菜
米椒,美生菜
翡翠椒,美生菜
小黃瓜,義大利麵
黃瓜,義大利麵
黃瓜皮,義大利麵
絲瓜,義大利麵
稜角絲瓜,義大利麵
冬瓜,義大利麵
冬瓜皮,義大利麵
苦瓜,義大利麵
南瓜,義大利麵
日本南瓜,義大利麵
菊花南瓜,義大利麵
西葫蘆,義大利麵
葫蘆,義大利麵
瓠瓜,義大利麵
節瓜,義大利麵
越瓜,義大利麵
筍瓜,義大利麵
佛手瓜,義大利麵
酪梨,義大利麵
蛇瓜,義大利麵
青木瓜,義大利麵
碟瓜,義大利麵
番茄,義大利麵
秋葵,義大利麵
茄子,義大利麵
水茄,義大利麵
泰式小圓茄,義大利麵
人參果,義大利麵
番椒,義大利麵
青龍辣椒,義大利麵
甜椒,義大利麵
角椒,義大利麵
米椒,義大利麵
翡翠椒,義大利麵
小黃瓜,脆桃
黃瓜,脆桃
黃瓜皮,脆桃
絲瓜,脆桃
稜角絲瓜,脆桃
冬瓜,脆桃
冬瓜皮,脆桃
苦瓜,脆桃
南瓜,脆桃
日本南瓜,脆桃
菊花南瓜,脆桃
西葫蘆,脆桃
葫蘆,脆桃
瓠瓜,脆桃
節瓜,脆桃
越瓜,脆桃
筍瓜,脆桃
佛手瓜,脆桃
酪梨,脆桃
蛇瓜,脆桃
青木瓜,脆桃
碟瓜,脆桃
番茄,脆桃
秋葵,脆桃
茄子,脆桃
水茄,脆桃
泰式小圓茄,脆桃
人參果,脆桃
番椒,脆桃
青龍辣椒,脆桃
甜椒,脆桃
角椒,脆桃
米椒,脆桃
翡翠椒,脆桃
小黃瓜,芋頭
小黃瓜,芋頭
黃瓜,芋頭
黃瓜,芋頭
黃瓜皮,芋頭
黃瓜皮,芋頭
絲瓜,芋頭
絲瓜,芋頭
稜角絲瓜,芋頭
稜角絲瓜,芋頭
冬瓜,芋頭
冬瓜,芋頭
冬瓜皮,芋頭
冬瓜皮,芋頭
苦瓜,芋頭
苦瓜,芋頭
南瓜,芋頭
南瓜,芋頭
日本南瓜,芋頭
日本南瓜,芋頭
菊花南瓜,芋頭
菊花南瓜,芋頭
西葫蘆,芋頭
西葫蘆,芋頭
葫蘆,芋頭
葫蘆,芋頭
瓠瓜,芋頭
瓠瓜,芋頭
節瓜,芋頭
節瓜,芋頭
越瓜,芋頭
越瓜,芋頭
筍瓜,芋頭
筍瓜,芋頭
佛手瓜,芋頭
佛手瓜,芋頭
酪梨,芋頭
酪梨,芋頭
蛇瓜,芋頭
蛇瓜,芋頭
青木瓜,芋頭
青木瓜,芋頭
碟瓜,芋頭
碟瓜,芋頭
番茄,芋頭
番茄,芋頭
秋葵,芋頭
秋葵,芋頭
茄子,芋頭
茄子,芋頭
水茄,芋頭
水茄,芋頭
泰式小圓茄,芋頭
泰式小圓茄,芋頭
人參果,芋頭
人參果,芋頭
番椒,芋頭
番椒,芋頭
青龍辣椒,芋頭
青龍辣椒,芋頭
甜椒,芋頭
甜椒,芋頭
角椒,芋頭
角椒,芋頭
米椒,芋頭
米椒,芋頭
翡翠椒,芋頭
翡翠椒,芋頭
小黃瓜,芝麻
黃瓜,芝麻
黃瓜皮,芝麻
絲瓜,芝麻
稜角絲瓜,芝麻
冬瓜,芝麻
冬瓜皮,芝麻
苦瓜,芝麻
南瓜,芝麻
日本南瓜,芝麻
菊花南瓜,芝麻
西葫蘆,芝麻
葫蘆,芝麻
瓠瓜,芝麻
節瓜,芝麻
越瓜,芝麻
筍瓜,芝麻
佛手瓜,芝麻
酪梨,芝麻
蛇瓜,芝麻
青木瓜,芝麻
碟瓜,芝麻
番茄,芝麻
秋葵,芝麻
茄子,芝麻
水茄,芝麻
泰式小圓茄,芝麻
人參果,芝麻
番椒,芝麻
青龍辣椒,芝麻
甜椒,芝麻
角椒,芝麻
米椒,芝麻
翡翠椒,芝麻
小黃瓜,花椒
黃瓜,花椒
黃瓜皮,花椒
絲瓜,花椒
稜角絲瓜,花椒
冬瓜,花椒
冬瓜皮,花椒
苦瓜,花椒
南瓜,花椒
日本南瓜,花椒
菊花南瓜,花椒
西葫蘆,花椒
葫蘆,花椒
瓠瓜,花椒
節瓜,花椒
越瓜,花椒
筍瓜,花椒
佛手瓜,花椒
酪梨,花椒
蛇瓜,花椒
青木瓜,花椒
碟瓜,花椒
番茄,花椒
秋葵,花椒
茄子,花椒
水茄,花椒
泰式小圓茄,花椒
人參果,花椒
番椒,花椒
青龍辣椒,花椒
甜椒,花椒
角椒,花椒
米椒,花椒
翡翠椒,花椒
小黃瓜,蕃茄醬
黃瓜,蕃茄醬
黃瓜皮,蕃茄醬
絲瓜,蕃茄醬
稜角絲瓜,蕃茄醬
冬瓜,蕃茄醬
冬瓜皮,蕃茄醬
苦瓜,蕃茄醬
南瓜,蕃茄醬
日本南瓜,蕃茄醬
菊花南瓜,蕃茄醬
西葫蘆,蕃茄醬
葫蘆,蕃茄醬
瓠瓜,蕃茄醬
節瓜,蕃茄醬
越瓜,蕃茄醬
筍瓜,蕃茄醬
佛手瓜,蕃茄醬
酪梨,蕃茄醬
蛇瓜,蕃茄醬
青木瓜,蕃茄醬
碟瓜,蕃茄醬
番茄,蕃茄醬
秋葵,蕃茄醬
茄子,蕃茄醬
水茄,蕃茄醬
泰式小圓茄,蕃茄醬
人參果,蕃茄醬
番椒,蕃茄醬
青龍辣椒,蕃茄醬
甜椒,蕃茄醬
角椒,蕃茄醬
米椒,蕃茄醬
翡翠椒,蕃茄醬
蝦片,蘋果酒
巧克力,蘋果酒
巧克力粉,蘋果酒
巧克磚,蘋果酒
臻果巧可力醬,蘋果酒
泡菜,蘋果酒
布丁,蘋果酒
冰淇淋,蘋果酒
枝仔冰,蘋果酒
洋芋片,蘋果酒
草苺粉,蘋果酒
蜜薯片,蘋果酒
瓜子,蘋果酒
糖果,蘋果酒
焦糖絲,蘋果酒
糖花,蘋果酒
軟糖,蘋果酒
牛軋糖,蘋果酒
太妃糖,蘋果酒
維他命c軟糖,蘋果酒
花生糖,蘋果酒
牛奶糖,蘋果酒
巧克力糖,蘋果酒
裝飾糖粒,蘋果酒
薄荷糖,蘋果酒
棉花糖,蘋果酒
爆米花,蘋果酒
仙草,蘋果酒
生仁,蘋果酒
愛玉,蘋果酒
桔餅,蘋果酒
Q梅,蘋果酒
蜜餞,蘋果酒
冰梅,蘋果酒
話梅,蘋果酒
醃漬梅,蘋果酒
鳥梅,蘋果酒
紀州梅,蘋果酒
果凍,蘋果酒
蒟蒻,蘋果酒
茶凍,蘋果酒
Haagen dazs,蘋果酒
肉干,蘋果酒
冰糖葫蘆,蘋果酒
剉冰,蘋果酒
諾鈣C發泡錠,蘋果酒
黑芝麻交切片,蘋果酒
綿花糖,蘋果酒
柿種,蘋果酒
可可蜜糖,蘋果酒
彩色糖珠,蘋果酒
Scotch Finger,蘋果酒
懷舊點心,蘋果酒
五寶果,蘋果酒
什錦豆,蘋果酒
芋角,蘋果酒
果茸,蘋果酒
涼糕,蘋果酒
巧克力米,蘋果酒
椰果,蘋果酒
可麗餅,蘋果酒
可樂果,蘋果酒
米香,蘋果酒
蠶豆酥,蘋果酒
甜筒,蘋果酒
銅鑼燒,蘋果酒
鬆餅,蘋果酒
煎餅,蘋果酒
核桃酥,蘋果酒
蝦味先,蘋果酒
土耳其餅,蘋果酒
月餅,蘋果酒
脆迪酥,蘋果酒
千層香酥薄餅,蘋果酒
小饅頭點心餅,蘋果酒
模範生點心餅,蘋果酒
椒鹽點心棒,蘋果酒
五彩蒸糕,蘋果酒
豆沙餅,蘋果酒
沙其瑪,蘋果酒
印度Q餅,蘋果酒
可頌餅,蘋果酒
紫山藥丸子,蘋果酒
馬蹄糕,蘋果酒
芸豆卷,蘋果酒
蛋塔液,蘋果酒
農村派,蘋果酒
素方餅,蘋果酒
蛋卷,蘋果酒
蛋塔,蘋果酒
甜甜圈,蘋果酒
素麵包,蘋果酒
可頌,蘋果酒
港式波蘿包,蘋果酒
千層派,蘋果酒
泡芙,蘋果酒
泡芙殼,蘋果酒
核桃糕,蘋果酒
發糕,蘋果酒
布朗尼,蘋果酒
丹麥小西餅,蘋果酒
車輪餅,蘋果酒
櫻桃派,蘋果酒
海綿蛋糕,蘋果酒
核桃糕,蘋果酒
發糕,蘋果酒
布朗尼,蘋果酒
丹麥小西餅,蘋果酒
車輪餅,蘋果酒
櫻桃派,蘋果酒
海綿蛋糕,蘋果酒
鬆糕,蘋果酒
蛋糕,蘋果酒
蘋果派,蘋果酒
瑞士捲,蘋果酒
馬卡龍餅,蘋果酒
馬卡龍殼,蘋果酒
光餅,蘋果酒
戚風蛋糕,蘋果酒
餅乾棒,蘋果酒
金錢餅,蘋果酒
地瓜片,蘋果酒
酥球,蘋果酒
椪餅,蘋果酒
原味燒餅,蘋果酒
甜燒餅,蘋果酒
烤餅,蘋果酒
象鼻子糕,蘋果酒
四方餅,蘋果酒
焦糖片,蘋果酒
法棍切片,蘋果酒
英式馬芬,蘋果酒
大理石片,蘋果酒
費南雪,蘋果酒
杏仁豆腐丁,蘋果酒
涼拌茄段,蘋果酒
茄汁燉豆,蘋果酒
磯邊燒,蘋果酒
素菜酥,蘋果酒
菜脯,蘋果酒
魚香茄子,蘋果酒
魚香肉絲,蘋果酒
木須肉絲,蘋果酒
銀龍抱白玉,蘋果酒
紅絲炒蛋,蘋果酒
生菜沙拉,蘋果酒
亞達子,蘋果酒
玉子燒,蘋果酒
竹小町,蘋果酒
雲吞,蘋果酒
肉捲,蘋果酒
滷味,蘋果酒
雞精,蘋果酒
章魚燒,蘋果酒
酸筍,蘋果酒
乾瓢,蘋果酒
佛跳牆,蘋果酒
馬鞭草,蘋果酒
三明治,蘋果酒
壽喜燒,蘋果酒
天婦羅,蘋果酒
薯條,蘋果酒
薯餅,蘋果酒
柿餅,蘋果酒
枇杷膏,蘋果酒
醃漬菜,蘋果酒
醃蔥頭,蘋果酒
香鬆,蘋果酒
拌飯粉,蘋果酒
剩菜,蘋果酒
塔士塔達,蘋果酒
夏枯草,蘋果酒
拌飯料,蘋果酒
山楂,蘋果酒
椒麻花生,蘋果酒
飯友,蘋果酒
海鮮羹,蘋果酒
酸菜魚鍋,蘋果酒
綜合丸,蘋果酒
火鍋料,蘋果酒
蝦餃,蘋果酒
冰磚,蘋果酒
蔬菜冰磚,蘋果酒
肉泥冰磚,蘋果酒
蜜之果,蘋果酒
照燒親子滑蛋,蘋果酒
大判揚,蘋果酒
絲路,蘋果酒
奶油湯,蘋果酒
茶泡飯料,蘋果酒
紅土,蘋果酒
酸豆角,蘋果酒
Q心皮,蘋果酒
寒天,蘋果酒
紫藷香鬆,蘋果酒
鏗魚香鬆,蘋果酒
膽肝,蘋果酒
阿摩尼亞,蘋果酒
纖維粉,蘋果酒
三寶粉,蘋果酒
RDF禾法頌尼斯燉菜,蘋果酒
普羅旺斯燉菜,蘋果酒
手卷,蘋果酒
韭花甜條,蘋果酒
麵茶,蘋果酒
淡醬粉,蘋果酒
竹笛,蘋果酒
生菜沙拉葉,蘋果酒
淡小蘿蔔水泡菜,蘋果酒
糖漬鬼椒,蘋果酒
醬菜,蘋果酒
筑前煮,蘋果酒
素什錦羹,蘋果酒
泡椒水,蘋果酒
中藥酒汁,蘋果酒
黃金雪花片,蘋果酒
脆瓜,蘋果酒
茶碗蒸,蘋果酒
蝦餅,蘋果酒
沙拉米,蘋果酒
素竹輪,蘋果酒
燒賣,蘋果酒
素肉躁,蘋果酒
寒天春雨,蘋果酒
土瓶蒸,蘋果酒
脆藻,蘋果酒
破布子蒸肉,蘋果酒
罐頭朝鮮薊,蘋果酒
越南薄餅,蘋果酒
蝦捲,蘋果酒
七彩烘蛋,蘋果酒
金美人仙女貝罐頭,蘋果酒
紅色墨西哥豆罐頭,蘋果酒
魯菜,蘋果酒
素炒手,蘋果酒
廈門炒米粉,蘋果酒
星洲炒米粉,蘋果酒
麻婆豆腐,蘋果酒
墨西哥捲餅,蘋果酒
函館荒鮭,蘋果酒
素筋,蘋果酒
炒餅,蘋果酒
脆餅,蘋果酒
吞拿魚罐頭,蘋果酒
素獅子頭,蘋果酒
獅子頭,蘋果酒
荳蔻脆捲,蘋果酒
泰式涼拌海鮮總匯,蘋果酒
鹽蛋,蘋果酒
蔬菜素凍,蘋果酒
棺材板,蘋果酒
披薩,蘋果酒
潤餅,蘋果酒
三味淋汁,蘋果酒
小亨堡,蘋果酒
金品比薩,蘋果酒
海底芙蓉,蘋果酒
素鰻,蘋果酒
小籠湯包,蘋果酒
鍋貼,蘋果酒
糖醋魚塊,蘋果酒
津白,蘋果酒
炒蛤仔,蘋果酒
酒粕鰈鱈,蘋果酒
三杯筍塊,蘋果酒
四色蔬菜棒,蘋果酒
干瓢煮,蘋果酒
炸衣,蘋果酒
菜鬆,蘋果酒
櫻花素,蘋果酒
金萱炸物,蘋果酒
罐裝金槍魚,蘋果酒
大亨堡,蘋果酒
芋丸,蘋果酒
大餅,蘋果酒
炒黑白絲,蘋果酒
炸豆包皮,蘋果酒
螞蟻上樹,蘋果酒
果凍液,蘋果酒
菇菇炊飯,蘋果酒
飲氧品,蘋果酒
炸豆腐,蘋果酒
地瓜球,蘋果酒
海鮮炊飯料,蘋果酒
凸皮麵,蘋果酒
紫心地瓜漿,蘋果酒
肉圓,蘋果酒
五更腸旺,蘋果酒
客家小炒,蘋果酒
麻吉燒,蘋果酒
瑞典薄餅,蘋果酒
蔥油餅,蘋果酒
攤餅,蘋果酒
鍋餅,蘋果酒
水晶餃,蘋果酒
水餃,蘋果酒
煎餃,蘋果酒
義大利餃,蘋果酒
漢堡,蘋果酒
潛水艇堡,蘋果酒
沙拉堡,蘋果酒
包子,蘋果酒
車輪卷,蘋果酒
滿福堡,蘋果酒
餅乾派殼,蘋果酒
筍香飯,蘋果酒
馬芬堡,蘋果酒
刈包,蘋果酒
司康,蘋果酒
抓餅,蘋果酒
海鮮煎餅,蘋果酒
陽春麵,蘋果酒
鍋燒意麵,蘋果酒
蚵仔麵線,蘋果酒
炒飯,蘋果酒
茄汁炒飯,蘋果酒
蛋炒飯,蘋果酒
飯團,蘋果酒
鹹魚原鍋飯,蘋果酒
小米粥,蘋果酒
紫米粥,蘋果酒
糙米粥,蘋果酒
燕麥粥,蘋果酒
義大利玉米粥,蘋果酒
便當,蘋果酒
油飯,蘋果酒
麻婆豆腐燴飯,蘋果酒
豬排蓋飯,蘋果酒
韓式風味蛋包,蘋果酒
膳纖熟飯,蘋果酒
御飯糰雙手捲,蘋果酒
燕麥飯,蘋果酒
Uncle Ben's 方便飯,蘋果酒
烤鴨芥菜飯,蘋果酒
和風炊飯,蘋果酒
菠菜飯,蘋果酒
焗薯,蘋果酒
黃金炒飯,蘋果酒
蛋包飯,蘋果酒
天津丼,蘋果酒
台式油飯,蘋果酒
醬油飯,蘋果酒
蔬菜炒飯,蘋果酒
炒飯,蘋果酒
起司薄餅,蘋果酒
拌三絲,蘋果酒
鹹酥芋絲,蘋果酒
蛋餅,蘋果酒
厚蛋燒,蘋果酒
滷蛋,蘋果酒
茶葉蛋,蘋果酒
蛋鬆,蘋果酒
炒蛋,蘋果酒
熟蛋,蘋果酒
班尼迪克蛋,蘋果酒
蔥蛋,蘋果酒
蛋皮,蘋果酒
蔬菜湯,蘋果酒
關東煮,蘋果酒
四神湯,蘋果酒
清毒除痘湯,蘋果酒
羅宋湯,蘋果酒
藥燉湯底,蘋果酒
康寶濃湯,蘋果酒
酸辣羹湯,蘋果酒
煮鵝湯,蘋果酒
藥燉排骨湯,蘋果酒
沙茶湯底,蘋果酒
清湯底,蘋果酒
法式黃金清湯,蘋果酒
清燉湯頭,蘋果酒
紅燒湯底,蘋果酒
麻辣鍋底,蘋果酒
酸辣湯包,蘋果酒
蛤蜊湯,蘋果酒
酒味濃湯,蘋果酒
大骨湯,蘋果酒
綠豆湯,蘋果酒
海鮮濃湯,蘋果酒
滷湯,蘋果酒
紅豆湯,蘋果酒
齋湯,蘋果酒
澳門大骨煲,蘋果酒
越式湯頭,蘋果酒
素當歸湯,蘋果酒
蝦湯,蘋果酒
太和湯,蘋果酒
韓國冷湯包,蘋果酒
養生湯包,蘋果酒
破布子湯汁,蘋果酒
紫玉菜,蘋果酒
蔥燒湯頭,蘋果酒
蒜味湯頭,蘋果酒
藥燉湯頭,蘋果酒
鮮味湯頭,蘋果酒
泡菜鍋,蘋果酒
叻沙Laksa調理包,蘋果酒
泰式烤雞料理包,蘋果酒
酸白菜湯汁,蘋果酒
紅燒茄汁湯,蘋果酒
泡菜汁,蘋果酒
粟米湯,蘋果酒
輕煮汁,蘋果酒
越式涼拌汁,蘋果酒
美味濃湯,蘋果酒
康寶獨享杯,蘋果酒
日式燒汁,蘋果酒
蒸燒賣的湯汁,蘋果酒
日式鏗魚汁,蘋果酒
義大利燴海鮮調味汁,蘋果酒
狗尾草湯包,蘋果酒
壽喜醬,蘋果酒
丹參潤膚湯,蘋果酒
火鍋粉,蘋果酒
濃湯塊,蘋果酒
豚骨湯塊,蘋果酒
排骨湯塊,蘋果酒
泰式酸辣湯塊,蘋果酒
酸辣湯塊,蘋果酒
鮮美鍋汁,蘋果酒
蛤蜊湯塊,蘋果酒
烹大師,蘋果酒
大阪燒料理包,蘋果酒
天廚麻婆調理包,蘋果酒
葵果泰式打拋調理包,蘋果酒
立康養生固骨寶膠塊,蘋果酒
北海道白醬湯塊,蘋果酒
蔬菜湯塊,蘋果酒
樂活玫萃麗包,蘋果酒
紫菜湯包,蘋果酒
醬料包,蘋果酒
醃料包,蘋果酒
麻婆醬調理包,蘋果酒
明太子調理包,蘋果酒
燻肉,蘋果酒
燒肉,蘋果酒
牛豬混碎肉,蘋果酒
豬牛混和肉餅,蘋果酒
果泥清蒸蟹,蘋果酒
醬爆蟹,蘋果酒
烤肉片,蘋果酒
臘味,蘋果酒
鹽漬紅鮭,蘋果酒
時鮭切片,蘋果酒
鹽漬銀鮭,蘋果酒
麒麟七星斑,蘋果酒
薄燒魚,蘋果酒
黃金燴鱈寶,蘋果酒
炸大蝦,蘋果酒
雲海金龍,蘋果酒
福州丸,蘋果酒
素丸子,蘋果酒
腸旺,蘋果酒
醃紅梅肉,蘋果酒
瘦肉丁,蘋果酒
肉塊,蘋果酒
五花燒肉,蘋果酒
三絲丸,蘋果酒
回鍋肉片,蘋果酒
海鮮,蘋果酒
醉雞腿,蘋果酒
肉排,蘋果酒
肚片,蘋果酒
炸魚,蘋果酒
豬皮凍,蘋果酒
燉肉丸子,蘋果酒
肉羹,蘋果酒
滷肉,蘋果酒
雞卷,蘋果酒
獅子頭,蘋果酒
燉肉丸子,蘋果酒
台畜歐式冷蹄,蘋果酒
醃肉,蘋果酒
薄片肉,蘋果酒
紅燒肉,蘋果酒
叉燒肉,蘋果酒
熟肉絲,蘋果酒
照燒豬肉,蘋果酒
鹹豬肉,蘋果酒
滷元蹄,蘋果酒
米血,蘋果酒
鮮豬凍,蘋果酒
豬骨湯,蘋果酒
梅干扣肉,蘋果酒
粉蒸肉粉,蘋果酒
排骨飯,蘋果酒
糖醋排骨,蘋果酒
酸辣腰花,蘋果酒
燉排骨,蘋果酒
五香肉丁,蘋果酒
控肉,蘋果酒
紅燒扣肉,蘋果酒
回鍋肉片,蘋果酒
滷牛腱,蘋果酒
嫩煎菲力,蘋果酒
牛尾湯,蘋果酒
牛肉湯,蘋果酒
燉牛肉,蘋果酒
烤牛肉片,蘋果酒
醬牛肉,蘋果酒
滷牛筋,蘋果酒
燉牛肉,蘋果酒
雞肉鬆,蘋果酒
炸雞,蘋果酒
雞排,蘋果酒
封仔雞,蘋果酒
香草雞,蘋果酒
油雞,蘋果酒
港式油雞,蘋果酒
白斬雞,蘋果酒
燒雞,蘋果酒
燻雞,蘋果酒
燻雞片,蘋果酒
醉雞胸,蘋果酒
雞米花,蘋果酒
雞塊,蘋果酒
蒜味鹹酥雞,蘋果酒
雞酒,蘋果酒
炸雞,蘋果酒
炸雞腿,蘋果酒
烤雞,蘋果酒
雞湯罐頭,蘋果酒
燒酒雞藥包,蘋果酒
咖哩雞醬料包,蘋果酒
清燉雞湯,蘋果酒
熟烤雞胸,蘋果酒
烤雞腿,蘋果酒
仙草雞,蘋果酒
卡啦辣雞,蘋果酒
雪花雞米,蘋果酒
咖哩雞丁,蘋果酒
花雕醉雞,蘋果酒
花雕醉雞汁,蘋果酒
三夾雞,蘋果酒
雞肉飯,蘋果酒
炸雞翅,蘋果酒
醬油雞,蘋果酒
滷雞珍,蘋果酒
羊肉爐,蘋果酒
羊肉羹,蘋果酒
當歸羊肉藥包,蘋果酒
羊肉鍋湯,蘋果酒
肥膘,蘋果酒
沙拉米,蘋果酒
腸衣,蘋果酒
鵝肝醬,蘋果酒
鴨賞,蘋果酒
當歸鴨肉,蘋果酒
鹽水鴨胸肉,蘋果酒
廣式臘鴨腿,蘋果酒
臘鴨脾,蘋果酒
烤鴨片,蘋果酒
鴨肉湯頭,蘋果酒
燻鴨肉,蘋果酒
燒鴨,蘋果酒
北平烤鴨,蘋果酒
廣式烤鴨,蘋果酒
果汁,蘋果酒
蔬果汁,蘋果酒
香蘭汁,蘋果酒
荔枝汁,蘋果酒
檸檬汁,蘋果酒
高山茶,蘋果酒
傳統英國茶,蘋果酒
檸檬茶,蘋果酒
桑葚汁,蘋果酒
萊姆汁,蘋果酒
柳橙汁,蘋果酒
橘子汁,蘋果酒
楊桃汁,蘋果酒
櫻桃汁,蘋果酒
蜜桃汁,蘋果酒
蘋果汁,蘋果酒
百香果汁,蘋果酒
芒果汁,蘋果酒
鳳梨汁,蘋果酒
蕃茄汁,蘋果酒
西瓜汁,蘋果酒
椰子汁,蘋果酒
葡萄汁,蘋果酒
葡萄柚汁,蘋果酒
甘蔗汁,蘋果酒
梅子汁,蘋果酒
烏梅汁,蘋果酒
蘇梅汁,蘋果酒
蔬菜汁,蘋果酒
金桔汁,蘋果酒
黑瓜汁,蘋果酒
香瓜汁,蘋果酒
脆瓜汁,蘋果酒
番茄汁,蘋果酒
胡蘿蔔汁,蘋果酒
芭樂汁,蘋果酒
蘆筍汁,蘋果酒
蘆薈汁,蘋果酒
石榴汁,蘋果酒
西檸汁,蘋果酒
牧草汁,蘋果酒
小黃瓜汁,蘋果酒
香柚汁,蘋果酒
龍眼汁,蘋果酒
松茸汁,蘋果酒
酸梅湯,蘋果酒
茶汁,蘋果酒
玫瑰紅茶汁,蘋果酒
雪菜汁,蘋果酒
波菜汁,蘋果酒
杏桃汁,蘋果酒
鳳柳汁,蘋果酒
酸甜汁,蘋果酒
小麥草汁,蘋果酒
蜜柑原汁,蘋果酒
南非國寶茶,蘋果酒
桂花露,蘋果酒
可爾必思,蘋果酒
抹茶,蘋果酒
茉莉花茶,蘋果酒
熱帶風情茶,蘋果酒
七葉膽,蘋果酒
養樂多,蘋果酒
杏仁露,蘋果酒
茶葉,蘋果酒
綠茶,蘋果酒
紅茶,蘋果酒
水果茶,蘋果酒
花果茶酒汁,蘋果酒
柚子茶,蘋果酒
冬瓜茶,蘋果酒
烏龍茶,蘋果酒
普洱茶,蘋果酒
香蘋茶,蘋果酒
麥茶,蘋果酒
杏仁茶,蘋果酒
瓜片茶,蘋果酒
青草茶,蘋果酒
果粒茶,蘋果酒
東方美人茶,蘋果酒
大吉嶺茶,蘋果酒
洛神茶,蘋果酒
仙楂洛神,蘋果酒
黑糖塊,蘋果酒
金萱,蘋果酒
金萱,蘋果酒
茶包,蘋果酒
洋甘菊茶包,蘋果酒
金線蓮茶包,蘋果酒
咖啡,蘋果酒
美祿,蘋果酒
冷泡茶,蘋果酒
羅布麻茶包,蘋果酒
日本茶,蘋果酒
八寶粥,蘋果酒
汽水,蘋果酒
綠豆沙,蘋果酒
濃縮乳酸飲料,蘋果酒
液熊油,蘋果酒
奶昔,蘋果酒
桂花釀茶包,蘋果酒
摩卡冰砂粉,蘋果酒
接骨木花汁,蘋果酒
純喫茶,蘋果酒
香酸汁,蘋果酒
蜜漬汁,蘋果酒
玫瑰花茶,蘋果酒
蜜豆奶,蘋果酒
能量飲料,蘋果酒
芋汁,蘋果酒
蔘茶包,蘋果酒
巴蘭葉汁,蘋果酒
甜菜汁,蘋果酒
桂花烏龍茶湯,蘋果酒
丸久小山園抹茶,蘋果酒
菊花茶包,蘋果酒
大紅袍,蘋果酒
人篸茶包,蘋果酒
玫瑰花茶粉,蘋果酒
四果莓茶包,蘋果酒
熱帶風情茶包,蘋果酒
7-11茶攤手搖風,蘋果酒
蒜水,蘋果酒
蜂蜜水,蘋果酒
印度香料茶,蘋果酒
乳酸菌粉,蘋果酒
班蘭汁,蘋果酒
蔬果粉,蘋果酒
咸豐草,蘋果酒
花果香料,蘋果酒
蜜桃茶包,蘋果酒
青蛙下蛋,蘋果酒
五榖粒,蘋果酒
抹茶餡,蘋果酒
雞尾酒餡,蘋果酒
肉餡,蘋果酒
月餅餡,蘋果酒
餃子餡,蘋果酒
燻雞餡,蘋果酒
奶黃餡,蘋果酒
桃山奶黃餡,蘋果酒
麻蓉餡,蘋果酒
蔬菜泥,蘋果酒
薯泥,蘋果酒
芋泥,蘋果酒
梅泥,蘋果酒
青南瓜泥,蘋果酒
紅豆餡,蘋果酒
黑罌粒果泥,蘋果酒
紅罌栗泥,蘋果酒
蘋果派餡,蘋果酒
鹽滷石膏,蘋果酒
石膏粉,蘋果酒
果粒,蘋果酒
食用鹼,蘋果酒
硝鹽,蘋果酒
金粉,蘋果酒
銀粉,蘋果酒
鋁粉,蘋果酒
黃色著色劑,蘋果酒
粉紅色著色劑,蘋果酒
綠色色膏,蘋果酒
黃色色膏,蘋果酒
咖啡色色膏,蘋果酒
珍菇精,蘋果酒
針菇罐頭,蘋果酒
罐頭蘋果,蘋果酒
香精,蘋果酒
色素,蘋果酒
紅色色素,蘋果酒
黃色色素,蘋果酒
橘色食用色素,蘋果酒
紫色色素,蘋果酒
綠色色素,蘋果酒
黑色色素,蘋果酒
琵琶膏,蘋果酒
乾果,蘋果酒
咖啡豆,蘋果酒
肺炎草,蘋果酒
蔬菜粉,蘋果酒
豆子,蘋果酒
芭蕉葉,蘋果酒
黑莓,蘋果酒
菜乾,蘋果酒
麥門冬,蘋果酒
海燕窩,蘋果酒
綠豆粉,蘋果酒
橙花水,蘋果酒
竹碳粉,蘋果酒
葉綠素,蘋果酒
芡汁,蘋果酒
蕨粉,蘋果酒
青葙,蘋果酒
花茶包,蘋果酒
素百頁,蘋果酒
素蛋黃,蘋果酒
茉莉茶梗,蘋果酒
檸檬酸,蘋果酒
果泥,蘋果酒
甘納許,蘋果酒
茉莉,蘋果酒
碳酸氫銨,蘋果酒
碳酸氫鈉,蘋果酒
蔬菜,蘋果酒
花瓣,蘋果酒
葉子,蘋果酒
蝶荳藍花,蘋果酒
硫酸鋁納,蘋果酒
諾鈣 C,蘋果酒
燕窩,蘋果酒
高麗蔘精,蘋果酒
開味小菜,蘋果酒
水晶粉,蘋果酒
葡萄糖粉,蘋果酒
蛋黃素,蘋果酒
大豆卵磷脂,蘋果酒
鳳梨膏,蘋果酒
北耆,蘋果酒
龍吐珠,蘋果酒
雪茄,蘋果酒
酒藥,蘋果酒
南瓜皮,蘋果酒
苦精,蘋果酒
蛋殼,蘋果酒
能量粉,蘋果酒
小麥草濃縮膠囊,蘋果酒
含片,蘋果酒
Sahnesteif,蘋果酒
桃膠,蘋果酒
食用級竹炭粉,蘋果酒
碳酸氫氨,蘋果酒
木炭,蘋果酒
樟木屑,蘋果酒
灣葉,蘋果酒
海浮石,蘋果酒
醃漬破朴子,蘋果酒
槓香藤,蘋果酒
左手香,蘋果酒
桑葉,蘋果酒
椰殼,蘋果酒
卵磷脂,蘋果酒
榆耳,蘋果酒
雜糧,蘋果酒
眝麻根,蘋果酒
酵種,蘋果酒
香筍,蘋果酒
涼筍,蘋果酒
湯筍,蘋果酒
新北市健康三寶,蘋果酒
雞蛋殼,蘋果酒
糙米麩,蘋果酒
預拌粉,蘋果酒
椰絲,蘋果酒
小黃瓜,蛋白
黃瓜,蛋白
黃瓜皮,蛋白
絲瓜,蛋白
稜角絲瓜,蛋白
冬瓜,蛋白
冬瓜皮,蛋白
苦瓜,蛋白
南瓜,蛋白
日本南瓜,蛋白
菊花南瓜,蛋白
西葫蘆,蛋白
葫蘆,蛋白
瓠瓜,蛋白
節瓜,蛋白
越瓜,蛋白
筍瓜,蛋白
佛手瓜,蛋白
酪梨,蛋白
蛇瓜,蛋白
青木瓜,蛋白
碟瓜,蛋白
番茄,蛋白
秋葵,蛋白
茄子,蛋白
水茄,蛋白
泰式小圓茄,蛋白
人參果,蛋白
番椒,蛋白
青龍辣椒,蛋白
甜椒,蛋白
角椒,蛋白
米椒,蛋白
翡翠椒,蛋白
小黃瓜,蛋黃
黃瓜,蛋黃
黃瓜皮,蛋黃
絲瓜,蛋黃
稜角絲瓜,蛋黃
冬瓜,蛋黃
冬瓜皮,蛋黃
苦瓜,蛋黃
南瓜,蛋黃
日本南瓜,蛋黃
菊花南瓜,蛋黃
西葫蘆,蛋黃
葫蘆,蛋黃
瓠瓜,蛋黃
節瓜,蛋黃
越瓜,蛋黃
筍瓜,蛋黃
佛手瓜,蛋黃
酪梨,蛋黃
蛇瓜,蛋黃
青木瓜,蛋黃
碟瓜,蛋黃
番茄,蛋黃
秋葵,蛋黃
茄子,蛋黃
水茄,蛋黃
泰式小圓茄,蛋黃
人參果,蛋黃
番椒,蛋黃
青龍辣椒,蛋黃
甜椒,蛋黃
角椒,蛋黃
米椒,蛋黃
翡翠椒,蛋黃
小黃瓜,蛤
黃瓜,蛤
黃瓜皮,蛤
絲瓜,蛤
稜角絲瓜,蛤
冬瓜,蛤
冬瓜皮,蛤
苦瓜,蛤
南瓜,蛤
日本南瓜,蛤
菊花南瓜,蛤
西葫蘆,蛤
葫蘆,蛤
瓠瓜,蛤
節瓜,蛤
越瓜,蛤
筍瓜,蛤
佛手瓜,蛤
酪梨,蛤
蛇瓜,蛤
青木瓜,蛤
碟瓜,蛤
番茄,蛤
秋葵,蛤
茄子,蛤
水茄,蛤
泰式小圓茄,蛤
人參果,蛤
番椒,蛤
青龍辣椒,蛤
甜椒,蛤
角椒,蛤
米椒,蛤
翡翠椒,蛤
小黃瓜,蜂蜜
黃瓜,蜂蜜
黃瓜皮,蜂蜜
絲瓜,蜂蜜
稜角絲瓜,蜂蜜
冬瓜,蜂蜜
冬瓜皮,蜂蜜
苦瓜,蜂蜜
南瓜,蜂蜜
日本南瓜,蜂蜜
菊花南瓜,蜂蜜
西葫蘆,蜂蜜
葫蘆,蜂蜜
瓠瓜,蜂蜜
節瓜,蜂蜜
越瓜,蜂蜜
筍瓜,蜂蜜
佛手瓜,蜂蜜
酪梨,蜂蜜
蛇瓜,蜂蜜
青木瓜,蜂蜜
碟瓜,蜂蜜
番茄,蜂蜜
秋葵,蜂蜜
茄子,蜂蜜
水茄,蜂蜜
泰式小圓茄,蜂蜜
人參果,蜂蜜
番椒,蜂蜜
青龍辣椒,蜂蜜
甜椒,蜂蜜
角椒,蜂蜜
米椒,蜂蜜
翡翠椒,蜂蜜
小黃瓜,蝦
黃瓜,蝦
黃瓜皮,蝦
絲瓜,蝦
稜角絲瓜,蝦
冬瓜,蝦
冬瓜皮,蝦
苦瓜,蝦
南瓜,蝦
日本南瓜,蝦
菊花南瓜,蝦
西葫蘆,蝦
葫蘆,蝦
瓠瓜,蝦
節瓜,蝦
越瓜,蝦
筍瓜,蝦
佛手瓜,蝦
酪梨,蝦
蛇瓜,蝦
青木瓜,蝦
碟瓜,蝦
番茄,蝦
秋葵,蝦
茄子,蝦
水茄,蝦
泰式小圓茄,蝦
人參果,蝦
番椒,蝦
青龍辣椒,蝦
甜椒,蝦
角椒,蝦
米椒,蝦
翡翠椒,蝦
小黃瓜,蝦米
黃瓜,蝦米
黃瓜皮,蝦米
絲瓜,蝦米
稜角絲瓜,蝦米
冬瓜,蝦米
冬瓜皮,蝦米
苦瓜,蝦米
南瓜,蝦米
日本南瓜,蝦米
菊花南瓜,蝦米
西葫蘆,蝦米
葫蘆,蝦米
瓠瓜,蝦米
節瓜,蝦米
越瓜,蝦米
筍瓜,蝦米
佛手瓜,蝦米
酪梨,蝦米
蛇瓜,蝦米
青木瓜,蝦米
碟瓜,蝦米
番茄,蝦米
秋葵,蝦米
茄子,蝦米
水茄,蝦米
泰式小圓茄,蝦米
人參果,蝦米
番椒,蝦米
青龍辣椒,蝦米
甜椒,蝦米
角椒,蝦米
米椒,蝦米
翡翠椒,蝦米
小黃瓜,蠔油
黃瓜,蠔油
黃瓜皮,蠔油
絲瓜,蠔油
稜角絲瓜,蠔油
冬瓜,蠔油
冬瓜皮,蠔油
苦瓜,蠔油
南瓜,蠔油
日本南瓜,蠔油
菊花南瓜,蠔油
西葫蘆,蠔油
葫蘆,蠔油
瓠瓜,蠔油
節瓜,蠔油
越瓜,蠔油
筍瓜,蠔油
佛手瓜,蠔油
酪梨,蠔油
蛇瓜,蠔油
青木瓜,蠔油
碟瓜,蠔油
番茄,蠔油
秋葵,蠔油
茄子,蠔油
水茄,蠔油
泰式小圓茄,蠔油
人參果,蠔油
番椒,蠔油
青龍辣椒,蠔油
甜椒,蠔油
角椒,蠔油
米椒,蠔油
翡翠椒,蠔油
小黃瓜,調味蔬菜
黃瓜,調味蔬菜
黃瓜皮,調味蔬菜
絲瓜,調味蔬菜
稜角絲瓜,調味蔬菜
冬瓜,調味蔬菜
冬瓜皮,調味蔬菜
苦瓜,調味蔬菜
南瓜,調味蔬菜
日本南瓜,調味蔬菜
菊花南瓜,調味蔬菜
西葫蘆,調味蔬菜
葫蘆,調味蔬菜
瓠瓜,調味蔬菜
節瓜,調味蔬菜
越瓜,調味蔬菜
筍瓜,調味蔬菜
佛手瓜,調味蔬菜
酪梨,調味蔬菜
蛇瓜,調味蔬菜
青木瓜,調味蔬菜
碟瓜,調味蔬菜
番茄,調味蔬菜
秋葵,調味蔬菜
茄子,調味蔬菜
水茄,調味蔬菜
泰式小圓茄,調味蔬菜
人參果,調味蔬菜
番椒,調味蔬菜
青龍辣椒,調味蔬菜
甜椒,調味蔬菜
角椒,調味蔬菜
米椒,調味蔬菜
翡翠椒,調味蔬菜
小黃瓜,豬五花肉
黃瓜,豬五花肉
黃瓜皮,豬五花肉
絲瓜,豬五花肉
稜角絲瓜,豬五花肉
冬瓜,豬五花肉
冬瓜皮,豬五花肉
苦瓜,豬五花肉
南瓜,豬五花肉
日本南瓜,豬五花肉
菊花南瓜,豬五花肉
西葫蘆,豬五花肉
葫蘆,豬五花肉
瓠瓜,豬五花肉
節瓜,豬五花肉
越瓜,豬五花肉
筍瓜,豬五花肉
佛手瓜,豬五花肉
酪梨,豬五花肉
蛇瓜,豬五花肉
青木瓜,豬五花肉
碟瓜,豬五花肉
番茄,豬五花肉
秋葵,豬五花肉
茄子,豬五花肉
水茄,豬五花肉
泰式小圓茄,豬五花肉
人參果,豬五花肉
番椒,豬五花肉
青龍辣椒,豬五花肉
甜椒,豬五花肉
角椒,豬五花肉
米椒,豬五花肉
翡翠椒,豬五花肉
小黃瓜,豬油
黃瓜,豬油
黃瓜皮,豬油
絲瓜,豬油
稜角絲瓜,豬油
冬瓜,豬油
冬瓜皮,豬油
苦瓜,豬油
南瓜,豬油
日本南瓜,豬油
菊花南瓜,豬油
西葫蘆,豬油
葫蘆,豬油
瓠瓜,豬油
節瓜,豬油
越瓜,豬油
筍瓜,豬油
佛手瓜,豬油
酪梨,豬油
蛇瓜,豬油
青木瓜,豬油
碟瓜,豬油
番茄,豬油
秋葵,豬油
茄子,豬油
水茄,豬油
泰式小圓茄,豬油
人參果,豬油
番椒,豬油
青龍辣椒,豬油
甜椒,豬油
角椒,豬油
米椒,豬油
翡翠椒,豬油
小黃瓜,豬絞肉
黃瓜,豬絞肉
黃瓜皮,豬絞肉
絲瓜,豬絞肉
稜角絲瓜,豬絞肉
冬瓜,豬絞肉
冬瓜皮,豬絞肉
苦瓜,豬絞肉
南瓜,豬絞肉
日本南瓜,豬絞肉
菊花南瓜,豬絞肉
西葫蘆,豬絞肉
葫蘆,豬絞肉
瓠瓜,豬絞肉
節瓜,豬絞肉
越瓜,豬絞肉
筍瓜,豬絞肉
佛手瓜,豬絞肉
酪梨,豬絞肉
蛇瓜,豬絞肉
青木瓜,豬絞肉
碟瓜,豬絞肉
番茄,豬絞肉
秋葵,豬絞肉
茄子,豬絞肉
水茄,豬絞肉
泰式小圓茄,豬絞肉
人參果,豬絞肉
番椒,豬絞肉
青龍辣椒,豬絞肉
甜椒,豬絞肉
角椒,豬絞肉
米椒,豬絞肉
翡翠椒,豬絞肉
小黃瓜,酵母粉
黃瓜,酵母粉
黃瓜皮,酵母粉
絲瓜,酵母粉
稜角絲瓜,酵母粉
冬瓜,酵母粉
冬瓜皮,酵母粉
苦瓜,酵母粉
南瓜,酵母粉
日本南瓜,酵母粉
菊花南瓜,酵母粉
西葫蘆,酵母粉
葫蘆,酵母粉
瓠瓜,酵母粉
節瓜,酵母粉
越瓜,酵母粉
筍瓜,酵母粉
佛手瓜,酵母粉
酪梨,酵母粉
蛇瓜,酵母粉
青木瓜,酵母粉
碟瓜,酵母粉
番茄,酵母粉
秋葵,酵母粉
茄子,酵母粉
水茄,酵母粉
泰式小圓茄,酵母粉
人參果,酵母粉
番椒,酵母粉
青龍辣椒,酵母粉
甜椒,酵母粉
角椒,酵母粉
米椒,酵母粉
翡翠椒,酵母粉
小黃瓜,醋
黃瓜,醋
黃瓜皮,醋
絲瓜,醋
稜角絲瓜,醋
冬瓜,醋
冬瓜皮,醋
苦瓜,醋
南瓜,醋
日本南瓜,醋
菊花南瓜,醋
西葫蘆,醋
葫蘆,醋
瓠瓜,醋
節瓜,醋
越瓜,醋
筍瓜,醋
佛手瓜,醋
酪梨,醋
蛇瓜,醋
青木瓜,醋
碟瓜,醋
番茄,醋
秋葵,醋
茄子,醋
水茄,醋
泰式小圓茄,醋
人參果,醋
番椒,醋
青龍辣椒,醋
甜椒,醋
角椒,醋
米椒,醋
翡翠椒,醋
小黃瓜,銅鑼燒粉
黃瓜,銅鑼燒粉
黃瓜皮,銅鑼燒粉
絲瓜,銅鑼燒粉
稜角絲瓜,銅鑼燒粉
冬瓜,銅鑼燒粉
冬瓜皮,銅鑼燒粉
苦瓜,銅鑼燒粉
南瓜,銅鑼燒粉
日本南瓜,銅鑼燒粉
菊花南瓜,銅鑼燒粉
西葫蘆,銅鑼燒粉
葫蘆,銅鑼燒粉
瓠瓜,銅鑼燒粉
節瓜,銅鑼燒粉
越瓜,銅鑼燒粉
筍瓜,銅鑼燒粉
佛手瓜,銅鑼燒粉
酪梨,銅鑼燒粉
蛇瓜,銅鑼燒粉
青木瓜,銅鑼燒粉
碟瓜,銅鑼燒粉
番茄,銅鑼燒粉
秋葵,銅鑼燒粉
茄子,銅鑼燒粉
水茄,銅鑼燒粉
泰式小圓茄,銅鑼燒粉
人參果,銅鑼燒粉
番椒,銅鑼燒粉
青龍辣椒,銅鑼燒粉
甜椒,銅鑼燒粉
角椒,銅鑼燒粉
米椒,銅鑼燒粉
翡翠椒,銅鑼燒粉
小黃瓜,雞腿肉
黃瓜,雞腿肉
黃瓜皮,雞腿肉
絲瓜,雞腿肉
稜角絲瓜,雞腿肉
冬瓜,雞腿肉
冬瓜皮,雞腿肉
苦瓜,雞腿肉
南瓜,雞腿肉
日本南瓜,雞腿肉
菊花南瓜,雞腿肉
西葫蘆,雞腿肉
葫蘆,雞腿肉
瓠瓜,雞腿肉
節瓜,雞腿肉
越瓜,雞腿肉
筍瓜,雞腿肉
佛手瓜,雞腿肉
酪梨,雞腿肉
蛇瓜,雞腿肉
青木瓜,雞腿肉
碟瓜,雞腿肉
番茄,雞腿肉
秋葵,雞腿肉
茄子,雞腿肉
水茄,雞腿肉
泰式小圓茄,雞腿肉
人參果,雞腿肉
番椒,雞腿肉
青龍辣椒,雞腿肉
甜椒,雞腿肉
角椒,雞腿肉
米椒,雞腿肉
翡翠椒,雞腿肉
小黃瓜,飯
黃瓜,飯
黃瓜皮,飯
絲瓜,飯
稜角絲瓜,飯
冬瓜,飯
冬瓜皮,飯
苦瓜,飯
南瓜,飯
日本南瓜,飯
菊花南瓜,飯
西葫蘆,飯
葫蘆,飯
瓠瓜,飯
節瓜,飯
越瓜,飯
筍瓜,飯
佛手瓜,飯
酪梨,飯
蛇瓜,飯
青木瓜,飯
碟瓜,飯
番茄,飯
秋葵,飯
茄子,飯
水茄,飯
泰式小圓茄,飯
人參果,飯
番椒,飯
青龍辣椒,飯
甜椒,飯
角椒,飯
米椒,飯
翡翠椒,飯
小黃瓜,香草精
黃瓜,香草精
黃瓜皮,香草精
絲瓜,香草精
稜角絲瓜,香草精
冬瓜,香草精
冬瓜皮,香草精
苦瓜,香草精
南瓜,香草精
日本南瓜,香草精
菊花南瓜,香草精
西葫蘆,香草精
葫蘆,香草精
瓠瓜,香草精
節瓜,香草精
越瓜,香草精
筍瓜,香草精
佛手瓜,香草精
酪梨,香草精
蛇瓜,香草精
青木瓜,香草精
碟瓜,香草精
番茄,香草精
秋葵,香草精
茄子,香草精
水茄,香草精
泰式小圓茄,香草精
人參果,香草精
番椒,香草精
青龍辣椒,香草精
甜椒,香草精
角椒,香草精
米椒,香草精
翡翠椒,香草精
小黃瓜,香菜
黃瓜,香菜
黃瓜皮,香菜
絲瓜,香菜
稜角絲瓜,香菜
冬瓜,香菜
冬瓜皮,香菜
苦瓜,香菜
南瓜,香菜
日本南瓜,香菜
菊花南瓜,香菜
西葫蘆,香菜
葫蘆,香菜
瓠瓜,香菜
節瓜,香菜
越瓜,香菜
筍瓜,香菜
佛手瓜,香菜
酪梨,香菜
蛇瓜,香菜
青木瓜,香菜
碟瓜,香菜
番茄,香菜
秋葵,香菜
茄子,香菜
水茄,香菜
泰式小圓茄,香菜
人參果,香菜
番椒,香菜
青龍辣椒,香菜
甜椒,香菜
角椒,香菜
米椒,香菜
翡翠椒,香菜
小黃瓜,馬鈴薯
黃瓜,馬鈴薯
黃瓜皮,馬鈴薯
絲瓜,馬鈴薯
稜角絲瓜,馬鈴薯
冬瓜,馬鈴薯
冬瓜皮,馬鈴薯
苦瓜,馬鈴薯
南瓜,馬鈴薯
日本南瓜,馬鈴薯
菊花南瓜,馬鈴薯
西葫蘆,馬鈴薯
葫蘆,馬鈴薯
瓠瓜,馬鈴薯
節瓜,馬鈴薯
越瓜,馬鈴薯
筍瓜,馬鈴薯
佛手瓜,馬鈴薯
酪梨,馬鈴薯
蛇瓜,馬鈴薯
青木瓜,馬鈴薯
碟瓜,馬鈴薯
番茄,馬鈴薯
秋葵,馬鈴薯
茄子,馬鈴薯
水茄,馬鈴薯
泰式小圓茄,馬鈴薯
人參果,馬鈴薯
番椒,馬鈴薯
青龍辣椒,馬鈴薯
甜椒,馬鈴薯
角椒,馬鈴薯
米椒,馬鈴薯
翡翠椒,馬鈴薯
小黃瓜,高筋麵粉
黃瓜,高筋麵粉
黃瓜皮,高筋麵粉
絲瓜,高筋麵粉
稜角絲瓜,高筋麵粉
冬瓜,高筋麵粉
冬瓜皮,高筋麵粉
苦瓜,高筋麵粉
南瓜,高筋麵粉
日本南瓜,高筋麵粉
菊花南瓜,高筋麵粉
西葫蘆,高筋麵粉
葫蘆,高筋麵粉
瓠瓜,高筋麵粉
節瓜,高筋麵粉
越瓜,高筋麵粉
筍瓜,高筋麵粉
佛手瓜,高筋麵粉
酪梨,高筋麵粉
蛇瓜,高筋麵粉
青木瓜,高筋麵粉
碟瓜,高筋麵粉
番茄,高筋麵粉
秋葵,高筋麵粉
茄子,高筋麵粉
水茄,高筋麵粉
泰式小圓茄,高筋麵粉
人參果,高筋麵粉
番椒,高筋麵粉
青龍辣椒,高筋麵粉
甜椒,高筋麵粉
角椒,高筋麵粉
米椒,高筋麵粉
翡翠椒,高筋麵粉
小黃瓜,高麗菜
黃瓜,高麗菜
黃瓜皮,高麗菜
絲瓜,高麗菜
稜角絲瓜,高麗菜
冬瓜,高麗菜
冬瓜皮,高麗菜
苦瓜,高麗菜
南瓜,高麗菜
日本南瓜,高麗菜
菊花南瓜,高麗菜
西葫蘆,高麗菜
葫蘆,高麗菜
瓠瓜,高麗菜
節瓜,高麗菜
越瓜,高麗菜
筍瓜,高麗菜
佛手瓜,高麗菜
酪梨,高麗菜
蛇瓜,高麗菜
青木瓜,高麗菜
碟瓜,高麗菜
番茄,高麗菜
秋葵,高麗菜
茄子,高麗菜
水茄,高麗菜
泰式小圓茄,高麗菜
人參果,高麗菜
番椒,高麗菜
青龍辣椒,高麗菜
甜椒,高麗菜
角椒,高麗菜
米椒,高麗菜
翡翠椒,高麗菜
小黃瓜,鴨柳
黃瓜,鴨柳
黃瓜皮,鴨柳
絲瓜,鴨柳
稜角絲瓜,鴨柳
冬瓜,鴨柳
冬瓜皮,鴨柳
苦瓜,鴨柳
南瓜,鴨柳
日本南瓜,鴨柳
菊花南瓜,鴨柳
西葫蘆,鴨柳
葫蘆,鴨柳
瓠瓜,鴨柳
節瓜,鴨柳
越瓜,鴨柳
筍瓜,鴨柳
佛手瓜,鴨柳
酪梨,鴨柳
蛇瓜,鴨柳
青木瓜,鴨柳
碟瓜,鴨柳
番茄,鴨柳
秋葵,鴨柳
茄子,鴨柳
水茄,鴨柳
泰式小圓茄,鴨柳
人參果,鴨柳
番椒,鴨柳
青龍辣椒,鴨柳
甜椒,鴨柳
角椒,鴨柳
米椒,鴨柳
翡翠椒,鴨柳
小黃瓜,麵
黃瓜,麵
黃瓜皮,麵
絲瓜,麵
稜角絲瓜,麵
冬瓜,麵
冬瓜皮,麵
苦瓜,麵
南瓜,麵
日本南瓜,麵
菊花南瓜,麵
西葫蘆,麵
葫蘆,麵
瓠瓜,麵
節瓜,麵
越瓜,麵
筍瓜,麵
佛手瓜,麵
酪梨,麵
蛇瓜,麵
青木瓜,麵
碟瓜,麵
番茄,麵
秋葵,麵
茄子,麵
水茄,麵
泰式小圓茄,麵
人參果,麵
番椒,麵
青龍辣椒,麵
甜椒,麵
角椒,麵
米椒,麵
翡翠椒,麵
雞肉,麵粉
雞丁,麵粉
雞柳,麵粉
雞絞肉,麵粉
雞蓉,麵粉
雞肉絲,麵粉
雞胸肉,麵粉
雞里肌肉,麵粉
全雞,麵粉
半雞,麵粉
放山雞,麵粉
珠雞,麵粉
水雞,麵粉
春雞,麵粉
烏骨雞肉,麵粉
雞腳,麵粉
雞腿,麵粉
雞腿肉,麵粉
雞腿排,麵粉
棒棒腿,麵粉
雞翅,麵粉
雞屁股,麵粉
雞皮,麵粉
小黃瓜,麵粉
黃瓜,麵粉
黃瓜皮,麵粉
絲瓜,麵粉
稜角絲瓜,麵粉
冬瓜,麵粉
冬瓜皮,麵粉
苦瓜,麵粉
南瓜,麵粉
日本南瓜,麵粉
菊花南瓜,麵粉
西葫蘆,麵粉
葫蘆,麵粉
瓠瓜,麵粉
節瓜,麵粉
越瓜,麵粉
筍瓜,麵粉
佛手瓜,麵粉
酪梨,麵粉
蛇瓜,麵粉
青木瓜,麵粉
碟瓜,麵粉
番茄,麵粉
秋葵,麵粉
茄子,麵粉
水茄,麵粉
泰式小圓茄,麵粉
人參果,麵粉
番椒,麵粉
青龍辣椒,麵粉
甜椒,麵粉
角椒,麵粉
米椒,麵粉
翡翠椒,麵粉
牛肉,NA
牛絞肉,NA
牛肉絲,NA
牛肉片,NA
牛排,NA
肩胛小排,NA
牛里肌,NA
牛肩肉,NA
板腱肉,NA
肋眼牛排,NA
牛小排,NA
牛肋排,NA
丁骨牛排,NA
紐約克牛排,NA
沙朗牛排,NA
腓力牛排,NA
牛菲力,NA
牛腰,NA
牛後腿肉,NA
牛臀肉,NA
牛腩,NA
雪花牛肉,NA
牛五花肉,NA
牛腱,NA
牛鞭,NA
牛腸,NA
牛尾,NA
牛舌,NA
牛心,NA
牛肝,NA
牛骨,NA
牛筋,NA
牛肚,NA
牛雜,NA
牛頭皮,NA
牛脂,NA
牛肉火腿,NA
牛肉丸子,NA
豬肉,NA
肥豬肉,NA
豬瘦肉,NA
豬肉片,NA
豬肉丁,NA
豬肉塊,NA
豬絞肉,NA
豬肉絲,NA
豬肉條,NA
豬排,NA
乳豬,NA
松阪豬,NA
豬梅花肉,NA
梅花肉片,NA
豬胛心肉,NA
胛心排,NA
豬軟骨排,NA
前排肉,NA
豬里肌,NA
豬里肌肉片,NA
二層肉,NA
龍骨,NA
豬里肌肉排,NA
排骨,NA
豬五花肉,NA
五花豬肉片,NA
子排,NA
豬肋排,NA
豬後腿肉,NA
豬腳,NA
蹄膀,NA
豬腱子肉,NA
嘴邊肉,NA
肝連肉,NA
虎掌,NA
豬蹄筋,NA
豬耳朵,NA
豬尾巴,NA
豬皮,NA
豬骨,NA
豬油,NA
白表,NA
網紗油,NA
豬舌,NA
豬心,NA
豬肝,NA
豬腸,NA
豬腦,NA
豬血,NA
豬肝,NA
豬肺,NA
豬肚,NA
腰子,NA
腰尺,NA
豬小腸,NA
豬大腸,NA
粉腸,NA
生腸,NA
豬小肚,NA
豬大腸頭,NA
豬眼筋,NA
豬脆管,NA
貢丸,NA
肉鬆,NA
肉角,NA
鹹肉,NA
臘肉,NA
臘腸,NA
肝腸,NA
辣腸,NA
香腸,NA
法蘭克福腸,NA
義式肉腸,NA
午餐肉,NA
匈牙利辣腸,NA
西班牙辣腸,NA
起司腸,NA
培根,NA
火腿,NA
洋火腿,NA
熱狗,NA
膨皮,NA
肉丸,NA
雞肝,NA
雞心,NA
雞胗,NA
雞睪丸,NA
雞油,NA
雞骨,NA
雞腸,NA
雞血,NA
羊肉,NA
羊肉片,NA
羊肩肉,NA
羊腰脊肉,NA
羊里肌肉,NA
羊胸肉,NA
小羔羊排,NA
羊排,NA
羊腿,NA
羊腩,NA
羊腱,NA
羊肚,NA
羊睪丸,NA
羊鞭,NA
羊大骨,NA
羊架,NA
鵝肉,NA
鵝胸肉,NA
鵝腿,NA
鵝腿肉,NA
鵝掌,NA
鵝肝,NA
鵝腸,NA
鵝油,NA
鵝血,NA
鵝胗,NA
鵝頭,NA
鵝肉丸,NA
鵝心,NA
鴨,NA
菜鴨,NA
水鴨,NA
鴨肉條,NA
鴨肉,NA
鴨柳,NA
鴨胸,NA
鴨頭,NA
鴨脖子,NA
鴨舌頭,NA
鴨翅膀,NA
鴨腳,NA
鴨腿,NA
鴨腿肉,NA
鴨心,NA
鴨肝,NA
鴨腸,NA
鴨胗,NA
鴨血,NA
鴨油,NA
鴨骨,NA
田雞,NA
鴿肉,NA
鴕鳥肉,NA
鴕鳥頸肉,NA
鴕鳥腩肉,NA
鹿肉,NA
螺肉,NA
田螺,NA
象牙鳳螺,NA
蠑螺,NA
香螺,NA
珠螺,NA
螺,NA
鮑片,NA
乾螺頭,NA
蛇肉,NA
鵪鶉,NA
麥皮蟲,NA
蟋蟀,NA
兔肉,NA
藤壺,NA
火雞肉,NA
魷魚,NA
魷魚乾,NA
魷魚嘴,NA
花枝,NA
透抽,NA
小卷,NA
章魚,NA
海參,NA
海蜇皮,NA
海蜇頭,NA
海膽,NA
墨魚汁,NA
蚌,NA
蚌殼,NA
蛤,NA
蛤乾,NA
海瓜子,NA
九孔,NA
竹蟶,NA
西施舌,NA
蘆筍貝,NA
蘭花蚌,NA
北極貝,NA
象拔蚌,NA
鮑魚,NA
扇貝,NA
干貝,NA
蜆,NA
牡蠣,NA
榮螺肉,NA
蝦,NA
車蝦,NA
蝦仁,NA
蝦仁乾,NA
蝦丁,NA
炸蝦,NA
蝦泥,NA
蝦肉丁,NA
白剌蝦,NA
櫻花蝦,NA
蝦母,NA
海蝦,NA
溪蝦,NA
蝦蛄,NA
蝦米,NA
蝦籽,NA
蝦皮,NA
蝦醬,NA
蝦卵,NA
蝦漿,NA
蝦丸,NA
蝦殼,NA
蝦球,NA
蝦頭,NA
蝦排,NA
蝦皮,NA
熟蝦,NA
紅蟹,NA
旭蟹,NA
海蟹,NA
螃蟹,NA
蟹肉,NA
蟹黃,NA
蟹腳,NA
軟殼蟹,NA
大閘蟹,NA
毛蟹,NA
帝王蟹,NA
鱈場蟹,NA
熟地蟹,NA
蟳,NA
膏蟹,NA
三點蟹,NA
花蟹蚶,NA
沙蟹,NA
蟹鉗,NA
蟹殼,NA
金門蟹,NA
鱉,NA
龍蝦,NA
魚肉,NA
鮭魚,NA
鯛魚,NA
鮪魚,NA
鱈魚,NA
鱸魚,NA
白魚,NA
黃魚,NA
小黃魚,NA
紅魚,NA
銀魚,NA
柴魚,NA
吳郭魚,NA
鯖魚,NA
虱目魚,NA
秋刀魚,NA
土魠魚,NA
白北魚,NA
香魚,NA
旗魚,NA
石斑魚,NA
鰻魚,NA
海鰻,NA
河鰻,NA
鯽魚,NA
草魚,NA
鯧魚,NA
刺鯧,NA
鯉魚,NA
魴魚,NA
鰱魚,NA
帶魚,NA
吻仔魚,NA
丁香魚,NA
沙丁魚,NA
沙梭魚,NA
石狗公,NA
金線魚,NA
柳葉魚,NA
多利魚,NA
鯷魚,NA
比目魚,NA
烏魚,NA
鱔魚,NA
鯊魚,NA
鰹魚,NA
油魚,NA
竹莢魚,NA
小吉魚,NA
赤宗魚,NA
紅尾冬魚,NA
紅甘魚,NA
鰤魚,NA
馬頭魚,NA
中華鱘,NA
鱘龍魚,NA
四破魚,NA
目孔魚,NA
黃鰭鯛,NA
水針魚,NA
象魚,NA
土虱魚,NA
黑喉,NA
紅鱸,NA
翻車魚,NA
皮刀魚,NA
鱒魚,NA
多利魚,NA
冰魚,NA
黑加網,NA
金眼鯛,NA
花魚,NA
燕尾斑,NA
青鱗魚,NA
燕魚,NA
竹筴魚,NA
殼魚,NA
黃雞魚,NA
青衣魚,NA
飛刀,NA
伍仔魚,NA
鯪魚,NA
金梭魚,NA
鬼頭刀,NA
紅槽魚,NA
豆仔魚,NA
鱒鮭,NA
寶石魚,NA
龍利魚,NA
脆皖魚,NA
海泥鰍,NA
泥鰍,NA
劍旗魚,NA
紅條魚,NA
三角仔,NA
蘭勃舵魚,NA
青嘴魚,NA
青星九刺鮨,NA
鰈魚,NA
海鱺,NA
甘仔魚,NA
飛魚,NA
青魚,NA
紅目鰱,NA
鯰魚,NA
魚肚,NA
魚腸,NA
魚頭,NA
魚骨,NA
魚下巴,NA
魚尾巴,NA
魚皮,NA
明太子,NA
魚卵,NA
鮭魚卵,NA
生魚片,NA
魚湯,NA
魚菲力,NA
松阪魚,NA
魚柳,NA
魚雜,NA
龍腸,NA
魚板,NA
魚露,NA
魚漿,NA
章魚花枝漿,NA
甜不辣,NA
小魚乾,NA
魚丸,NA
鹹魚,NA
魚鬆,NA
魚餃,NA
魚蛋,NA
一夜干,NA
魚乾,NA
蟹肉棒,NA
竹輪,NA
黑輪,NA
鳴戶卷,NA
沙魚煙,NA
柴魚粉,NA
魚高湯,NA
烏魚子,NA
鱈寶,NA
魚翅,NA
魚餅,NA
魚酥,NA
醃魚,NA
魚油,NA
魚粉,NA
魷魚絲,NA
魚唇,NA
魚滑,NA
魚醬,NA
水果,NA
芒果,NA
芭樂,NA
梨子,NA
紅梨,NA
鴨梨,NA
柿子,NA
柚子,NA
香柚皮,NA
葡萄,NA
無子葡萄,NA
葡萄柚,NA
香蕉,NA
西瓜,NA
木瓜,NA
香瓜,NA
哈密瓜,NA
桃子,NA
甜桃,NA
脆桃,NA
黃桃,NA
李子,NA
加州李,NA
小番茄,NA
蘋果,NA
青蘋果,NA
蓮霧,NA
柳橙,NA
橙橘,NA
橘子,NA
鳳梨,NA
釋迦,NA
荔枝,NA
龍眼,NA
棗子,NA
草莓,NA
藍莓,NA
蔓越莓,NA
櫻桃,NA
楊桃,NA
山竹,NA
檸檬,NA
檸檬皮,NA
檸檬葉,NA
萊姆,NA
甘蔗,NA
甘蔗渣,NA
枇杷,NA
椰子,NA
椰纖,NA
榴槤,NA
蛋黃果,NA
番石榴,NA
紅毛丹,NA
龍鳳果,NA
嘉寶瓜,NA
百香果,NA
奇異果,NA
梅子,NA
烏梅,NA
金桔,NA
柑桔,NA
桔皮,NA
火龍果,NA
桑葚,NA
覆盆子,NA
藍苺,NA
樹莓,NA
醋栗,NA
紅醋栗,NA
杏桃,NA
波蘿蜜,NA
越橘,NA
甘果,NA
燈籠果,NA
花椰菜,NA
白花椰菜,NA
青花椰苗,NA
紫色花椰菜,NA
花菜心,NA
綠金針,NA
金針花,NA
美人心,NA
油菜花,NA
石蓮花,NA
檳榔花,NA
韭菜花,NA
芥蘭菜,NA
節瓜花,NA
寶塔花菜,NA
菜薊,NA
貝芽菜,NA
乾枇杷葉,NA
打拋葉,NA
千寶菜,NA
青江菜,NA
空心菜,NA
大陸妹,NA
茄茉菜,NA
芝麻菜,NA
客家褔菜,NA
水楊菜,NA
甘藷葉,NA
臭菜,NA
莧菜,NA
芋莖,NA
豆瓣菜,NA
油菜,NA
日本油菜,NA
芥菜,NA
芥菜梗,NA
大芥菜,NA
大心芥菜,NA
娃娃菜,NA
芥藍芽,NA
茼蒿,NA
落葵,NA
紅梗珍珠菜,NA
紅鳳菜,NA
美國空心菜,NA
食茱萸,NA
香樁,NA
甜菜根,NA
媚仔菜,NA
黃麻菜,NA
乾蓮葉,NA
甜菊葉,NA
雞屎藤,NA
菁菜,NA
茄冬葉,NA
紫蘇,NA
豇菜,NA
沙律菜,NA
萵苣,NA
A菜,NA
苦苣,NA
鹿角萵苣,NA
蘿蔓萵苣,NA
紅葉萵苣,NA
廣東萵苣,NA
奶油萵苣,NA
紫萵苣,NA
萵筍,NA
鬚苣,NA
美生菜,NA
冰山捲心,NA
拔葉萵苣,NA
波士頓萵苣,NA
紅捲鬚,NA
菜心,NA
綠捲鬚,NA
薺菜,NA
大白菜,NA
小白菜,NA
白菜芽,NA
芥藍菜,NA
高麗菜,NA
甘藍芽,NA
紫高麗菜,NA
包心芥菜,NA
大頭菜,NA
紫色甘藍,NA
白菜心,NA
羽衣甘藍,NA
山芹菜,NA
芹菜,NA
西洋芹菜,NA
土芹菜,NA
山蘇菜,NA
水菜,NA
鴨鵝芹,NA
假人蔘,NA
龍鬚菜,NA
野韭菜,NA
貢菜,NA
過溝菜,NA
白鳳菜,NA
荷葉白菜,NA
蚵仔白菜,NA
野莧菜,NA
菠菜,NA
葵扇白菜,NA
黑豆芽,NA
葵花芽,NA
蕎麥芽,NA
水麥芽,NA
蘿蔔芽,NA
綠豆芽,NA
紫高活芽,NA
豌豆芽,NA
黃豆芽,NA
苜蓿芽,NA
水麥芽,NA
大根芽,NA
苜宿芽,NA
筍,NA
筍乾,NA
桂竹筍,NA
扁尖筍,NA
箭竹筍,NA
綠竹筍,NA
烏殼綠竹筍,NA
筍嫩尖,NA
沙拉筍塊,NA
麻竹筍,NA
孟宗竹筍,NA
玉米筍,NA
香菜根,NA
海蘆筍,NA
蘆筍,NA
半天筍,NA
筊白筍,NA
雪裡紅,NA
蓴菜,NA
水蓮菜,NA
秋葵,NA
豇豆,NA
菜豆,NA
鵲豆,NA
花豆,NA
萊豆,NA
毛豆,NA
甜豌豆,NA
豌豆仁,NA
荷蘭豆,NA
白腰豆,NA
紅腰豆,NA
翼豆,NA
蛇豆,NA
甜豆,NA
番薯,NA
馬鈴薯,NA
芋頭,NA
山藥,NA
豆薯,NA
胡蘿蔔,NA
白蘿蔔,NA
青蘿蔔,NA
甜菜,NA
洋蔥,NA
蓮藕,NA
藕粉,NA
南瓜,NA
冬瓜,NA
菱角,NA
樹薯,NA
歐防風,NA
荸薺,NA
川牛膝,NA
蘆薈,NA
紫洋蔥,NA
調味蔬菜,NA
冷凍蔬菜,NA
三色蔬菜,NA
深綠色蔬菜,NA
彩色蔬菜,NA
蔬菜乾,NA
蔬菜條,NA
芽苗菜,NA
鼠麴草,NA
艾草,NA
厥子,NA
銀杏,NA
榨菜,NA
酸菜,NA
醃菜,NA
福菜,NA
梅菜,NA
鹽膚木,NA
龍葵,NA
百合鱗片,NA
乾百合鱗片,NA
青龍菜,NA
豬母菜,NA
麻薏,NA
麻薏粉,NA
楊莓,NA
金銀菜,NA
班蘭葉,NA
藤心,NA
西洋菊苣,NA
雞骨草,NA
仙鶴草,NA
芽菜,NA
慈菇,NA
龍舌蘭,NA
欖仁葉,NA
羊奶頭,NA
醬筍,NA
醬瓜,NA
鹹菜,NA
冬菜,NA
武林菜,NA
酸黃瓜,NA
水果罐頭,NA
莓果,NA
糖漬蔓越苺果粒,NA
莓果乾,NA
果乾,NA
芒果乾,NA
情人果,NA
柿乾,NA
葡萄乾,NA
罐裝蜜桃,NA
糖漬橙片,NA
甜桃果泥,NA
脆李,NA
脆梅,NA
話梅,NA
西梅乾,NA
日本梅,NA
紫蘇梅,NA
紹興梅,NA
荔枝果泥,NA
紅龍果泥,NA
龍眼乾,NA
黑棗,NA
棗泥,NA
草苺乾,NA
草苺泥,NA
乾藍梅粒,NA
椰棗,NA
無籽加州梅,NA
茶梅,NA
豆干,NA
豆枝,NA
蘭花干,NA
豆包,NA
豆胗,NA
豆漿,NA
腐皮,NA
豆皮包,NA
納豆,NA
臭豆腐,NA
山水豆腐,NA
杏仁豆腐,NA
豆腐,NA
胡麻豆腐,NA
豆腐乳,NA
豆豉,NA
味噌,NA
干絲,NA
板豆腐,NA
蛋豆腐,NA
百頁豆腐,NA
百頁結,NA
油豆腐,NA
千張,NA
素雞,NA
豆籤,NA
凍豆腐,NA
芝麻豆腐,NA
油揚,NA
炸豆腐,NA
素火腿,NA
豆花,NA
豆沙,NA
豆渣,NA
素肉丸,NA
素腰花,NA
素輪,NA
素肚,NA
素豆腸,NA
素香鬆,NA
素肉,NA
豆酥,NA
焗豆,NA
丹貝,NA
羊羹,NA
豆輪,NA
皮絲,NA
豆棗,NA
蛋液,NA
蛋末,NA
蛋絲,NA
蛋白,NA
蛋黃,NA
雞蛋,NA
鴨蛋,NA
鵪鶉蛋,NA
鐵蛋,NA
鴿蛋,NA
鵝蛋,NA
雞蛋粉,NA
糖心蛋,NA
皮蛋,NA
鹹鴨蛋,NA
水煮蛋,NA
紅蛋,NA
花生,NA
花生粉,NA
蒜花生碎,NA
決明子,NA
核桃,NA
山核桃,NA
栗子,NA
腰果,NA
蓮子,NA
蓮茸,NA
杏仁,NA
松子仁,NA
芡實,NA
榛果,NA
堅果,NA
夏威夷豆,NA
南瓜子,NA
無花果,NA
開心果,NA
愛玉子,NA
西谷米,NA
鷹嘴豆,NA
紅腰豆,NA
黑豆,NA
黃豆,NA
紅豆,NA
綠豆,NA
花豆,NA
米豆,NA
樹豆,NA
翅膀豆,NA
虎豆,NA
亞麻子,NA
白扁豆,NA
紅扁豆,NA
五香豆,NA
蝶豆藍花,NA
雜豆,NA
綜合豆,NA
豆酥碎,NA
可可豆,NA
伍仁果,NA
蠶豆,NA
鳥豆,NA
白刀豆,NA
蜜豆,NA
咖啡豆,NA
混合生豆,NA
香草籽,NA
莧菜籽,NA
奇亞籽,NA
奇雅籽,NA
破布籽,NA
亞答子,NA
亞麻籽,NA
葵瓜子,NA
西瓜子,NA
洋車前子,NA
胚芽,NA
羅勒子,NA
南瓜籽,NA
澎大海,NA
大麻籽,NA
奶精,NA
奶球,NA
鮮奶油,NA
奶粉,NA
奶水,NA
牛奶,NA
奶泡,NA
乳清,NA
牛油奶,NA
椰奶,NA
煉乳,NA
奶酪,NA
奶酥,NA
濃縮奶,NA
配方奶,NA
保久乳,NA
脫脂乳,NA
奶酪,NA
優格,NA
優酪乳,NA
母乳,NA
酪漿,NA
奶混合奶油,NA
法式酸奶,NA
十穀奶,NA
起司,NA
起司粉,NA
羊起司,NA
馬茲拉起司,NA
帕馬森起司,NA
瑪斯卡彭起司,NA
卡門貝爾起司,NA
瑞可達起司,NA
格呂耶爾起司,NA
切達起司,NA
茅屋起司,NA
白乳酪,NA
布利乳酪,NA
莫佐瑞拉起司,NA
藍起司,NA
奶油起司,NA
帕達諾起司,NA
焗烤起司,NA
貝爾佩斯起司,NA
帕芙隆起士,NA
海菜,NA
紅藻,NA
綠藻,NA
藍藻,NA
羊栖菜,NA
海苔,NA
海帶,NA
裙帶芽,NA
海藻,NA
海珊瑚,NA
洋菜,NA
髮菜,NA
螺璇藻,NA
混合菇,NA
粉紅甜心菇,NA
黃金菇,NA
珍珠菇,NA
黃金菇,NA
鮑魚菇,NA
木耳,NA
白木耳,NA
猴頭菇,NA
香菇,NA
金針菇,NA
銀耳,NA
洋菇,NA
巴西蘑菇,NA
杏鮑菇,NA
靈芝,NA
舞菇,NA
滑菇,NA
雞菇,NA
本菇,NA
白靈菇,NA
霸王菇,NA
松露,NA
牛肝菌,NA
傘菇,NA
珊瑚菇,NA
雞脾菇,NA
秀珍菇,NA
黑木耳,NA
鮑魚菇,NA
鴻喜菇,NA
珍菇,NA
白菇,NA
雪花菇,NA
栗子菇,NA
柳松菇,NA
草菇,NA
白雪菇,NA
螺旋藻,NA
竹笙,NA
香菇頭,NA
松茸菇,NA
姬松茸,NA
鈕扣菇,NA
靈芝,NA
舞茸,NA
金茸,NA
黑珍菇,NA
海唇菜,NA
素脆鱔,NA
真姬菇,NA
雞腿菇,NA
白鶴靈芝,NA
鹿尾菜,NA
天山華翠菇,NA
壽喜菇,NA
酒杯菇,NA
菌菇,NA
帝王菇,NA
牛樟菇,NA
冬蟲夏草,NA
韓國菇,NA
八角,NA
枸杞,NA
使君子,NA
當歸,NA
柳仔茄,NA
大黃,NA
熟地,NA
鼠麴,NA
苦蔘根,NA
蘆根,NA
鉤藤,NA
香薷,NA
牛膝,NA
桑枝片,NA
連翹,NA
淡竹葉,NA
木香,NA
丁香,NA
川芎,NA
黃耆,NA
炙耆,NA
小黃皮,NA
陳皮,NA
蜜柑皮屑,NA
玉帶根,NA
麥冬,NA
金錢草,NA
辛夷,NA
槐花,NA
桂枝,NA
興渠,NA
沙姜,NA
煙燻料,NA
益母草,NA
紅棗,NA
枯梗,NA
乾葛,NA
天麻,NA
明日葉,NA
大青葉,NA
山槴子,NA
黨參,NA
葛根,NA
蝴蝶果,NA
巴蕉葉,NA
尖尾風,NA
墨角蘭,NA
淮山,NA
桔梗,NA
茵蔯蒿,NA
玉竹,NA
芫荽子,NA
肉蓯蓉,NA
杜仲,NA
茯苓,NA
澤瀉,NA
香茹,NA
蓮子心,NA
何首烏,NA
枇杷葉,NA
荊芥,NA
臭草,NA
一陽齒,NA
桑白皮,NA
青粉,NA
雪蛤膏,NA
鐵樹葉,NA
含殼草,NA
知母,NA
板藍根,NA
伏苓,NA
地黃,NA
茅根,NA
黃精,NA
女貞子,NA
九尾草,NA
五加皮,NA
沙蔘,NA
花旗蔘,NA
野山蔘,NA
三七,NA
黃耳,NA
川貝,NA
珠貝,NA
茄苳,NA
佛甲草,NA
白芍,NA
白芷,NA
芍藥,NA
蛤蚧,NA
仙楂,NA
鳳尾草,NA
罌粟籽,NA
青杞,NA
樹子,NA
羅漢果,NA
天麻,NA
苦地膽,NA
世蒲鉾,NA
甘拿許,NA
七層塔,NA
猴尾仔,NA
月桃葉,NA
一陽齒,NA
牛蒡,NA
黨參,NA
人蔘,NA
蔘鬚,NA
丹蔘,NA
烏蔘,NA
西洋參,NA
桑枝,NA
川七,NA
蚌蘭,NA
雷公草,NA
甘露子,NA
五爪金英,NA
火炭母草,NA
何首烏藥包,NA
藥燉包,NA
十全藥包,NA
五香包,NA
八珍中藥包,NA
四神中藥包,NA
四物藥包,NA
東阿阿膠,NA
藥燉排骨藥包,NA
當歸藥包,NA
高麗蔘藥包,NA
黃花蜜菜,NA
通草,NA
虎尾草,NA
甜珠草,NA
金線蓮,NA
紫草,NA
米,NA
秈米,NA
梗米,NA
糯米,NA
紫糯米,NA
黑糯米,NA
紅糯米,NA
古斯米,NA
珍珠米,NA
紅麴米,NA
小米,NA
薏米,NA
糙米,NA
燉飯米,NA
胚芽米,NA
紫米,NA
發芽米,NA
庫司庫司,NA
彩米,NA
黃米,NA
牧師米,NA
飯,NA
胚芽米飯,NA
隔夜飯,NA
麵粉,NA
麥粉,NA
澄粉,NA
穀粉,NA
蒸粉,NA
麵包粉,NA
糯米粉,NA
十穀粉,NA
粉心粉,NA
脆漿粉,NA
螺絲粉,NA
糕仔粉,NA
鬆餅粉,NA
白玉粉,NA
酥心粉,NA
去筋麵粉,NA
低筋麵粉,NA
中筋麵粉,NA
高筋麵粉,NA
全麥麵粉,NA
雞蛋糕粉,NA
銅鑼燒粉,NA
道明寺粉,NA
芙蓉糕粉,NA
法國麵粉,NA
天婦羅粉,NA
韓式煎餅粉,NA
埔里米粉,NA
米粉,NA
新竹米粉,NA
米線,NA
米干,NA
米苔目,NA
粄條,NA
蒸粉,NA
蘿蔔糕,NA
年糕,NA
寧波年糕,NA
韓國年糕,NA
日式年糕,NA
油粿,NA
粿,NA
草仔粿,NA
菜頭粿,NA
芋粿,NA
湯圓,NA
元宵,NA
酒釀,NA
麻糬,NA
紅龜粿,NA
米紙,NA
糯米紙,NA
在來米粉,NA
米漿粉,NA
米漿,NA
米果,NA
趖,NA
西谷米,NA
春捲皮,NA
塔克皮,NA
潤餅皮,NA
刈包皮,NA
扁食皮,NA
煎包皮,NA
湯包皮,NA
餛飩皮,NA
煎餃皮,NA
水餃皮,NA
小黃皮,NA
甜塔皮,NA
起酥片,NA
酥皮,NA
粉皮,NA
塔皮,NA
餅皮,NA
燒賣皮,NA
披薩皮,NA
冰皮粉,NA
麻吉皮,NA
雪娘皮,NA
中式麵餅,NA
中東麵餅,NA
墨西哥餅皮,NA
麵糊,NA
麵糰,NA
湯種,NA
酸種,NA
蛋捲糊,NA
熟麥仔,NA
澱粉條,NA
修飾澱粉,NA
烤麩,NA
穀粒,NA
油條,NA
饅頭,NA
五穀饅頭,NA
銀絲卷,NA
土司,NA
土司邊,NA
厚片吐司,NA
肉鬆土司,NA
貝果,NA
圓餅,NA
餐包,NA
麵包,NA
披薩,NA
巧巴達,NA
法國麵包,NA
漢堡麵包,NA
雜糧麵包,NA
什穀雜糧,NA
穀類,NA
麥片,NA
穀片,NA
脆片,NA
餅乾,NA
派餅,NA
磨牙餅,NA
蘇打餅,NA
焦糖脆餅,NA
夾心餅乾,NA
威化餅乾,NA
消化餅乾,NA
手指餅乾,NA
Oreo餅乾,NA
巧克力餅乾,NA
義大利脆硬餅,NA
麵線,NA
蔬菜麵,NA
油麵,NA
意麵,NA
雞蛋麵,NA
麵片,NA
麵疙瘩,NA
拉麵,NA
素麵,NA
烏龍麵,NA
刀削麵,NA
義大利麵,NA
蒸煮麵,NA
科學麵,NA
泡麵,NA
麵,NA
碰皮麵,NA
豆簽,NA
通心粉,NA
貓耳朵,NA
雞絲麵,NA
蕎麥,NA
藜麥,NA
小薏仁,NA
薏仁,NA
麥角,NA
大麥,NA
小麥,NA
大麥仁,NA
黑麥,NA
綜合穀麥片,NA
紅薏仁,NA
燕麥,NA
高梁,NA
麥芽,NA
麥芽糖,NA
麥芽精,NA
玉米,NA
玉米餅,NA
玉米脆片,NA
玉米粒,NA
玉米醬,NA
玉米粉,NA
爆米花玉米,NA
麥麩,NA
麩片,NA
寬冬粉,NA
冬粉,NA
葛粉,NA
河粉,NA
蕎麥麵,NA
雞絲麵,NA
蚵仔麵線,NA
西米露,NA
粉圓,NA
脆圓,NA
芋圓,NA
粉圓,NA
地瓜圓,NA
糯米飯,NA
粥,NA
鍋粑,NA
壽司,NA
粽,NA
甜粽,NA
米糕,NA
粉稞,NA
甜八寶,NA
食鹽,NA
海鹽,NA
椒鹽,NA
黑鹽,NA
梅鹽,NA
蒜辣鹽,NA
鰹魚鹽,NA
糖鹽,NA
砂糖,NA
寡糖,NA
葡萄糖,NA
麻糬粉,NA
芝麻糖粉,NA
糖粉,NA
二砂糖,NA
蔗糖,NA
果糖,NA
冰糖,NA
方糖,NA
片糖,NA
紅糖,NA
代糖,NA
蜂蜜,NA
糖水,NA
糖漿,NA
龍舌蘭蜜,NA
麥芽,NA
荔枝蜜,NA
椰糖,NA
楓糖,NA
桂花糖,NA
麵衣,NA
綿白糖,NA
果醋,NA
焦糖,NA
焦糖粉,NA
葡萄糖漿,NA
檸檬糖漿,NA
薄荷糖漿,NA
醋,NA
土佐醋,NA
白醋,NA
紅醋,NA
白酒醋,NA
紅酒醋,NA
伍斯特醬,NA
烏醋,NA
香醋,NA
油醋,NA
梅醋,NA
甘醋,NA
雪利醋,NA
糯米醋,NA
義大利甜醋,NA
微酵多醣醋,NA
涼拌酢,NA
浙醋,NA
味精,NA
蝦粉,NA
肉粉,NA
嫩肉粉,NA
沙嗲粉,NA
酵素,NA
酒,NA
烈酒,NA
白蘭地,NA
威士忌,NA
清酒,NA
酒釀,NA
蘭姆酒,NA
紹興酒,NA
貝禮詩奶酒,NA
葡萄酒,NA
雪利酒,NA
高梁酒,NA
咖啡酒,NA
米酒,NA
啤酒,NA
小麥啤酒,NA
琴酒,NA
蘋果酒,NA
橙酒,NA
氣泡酒,NA
伏特加,NA
馬祖老酒,NA
茴香酒,NA
燒酒,NA
老土司,NA
柑曼怡,NA
紅露酒,NA
龍舌蘭酒,NA
君橙酒,NA
醬酒,NA
油,NA
豬油,NA
米油,NA
植物油,NA
苦茶油,NA
玉米油,NA
蠔油,NA
酸奶油,NA
麻油,NA
奶油,NA
乳瑪琳,NA
鮮奶油,NA
酥油,NA
紅油,NA
橄欖油,NA
芥子油,NA
亞麻籽油,NA
素耗油,NA
熟油,NA
豉油,NA
蛋油,NA
油蔥,NA
蔥油,NA
蒜苗,NA
蒜酥,NA
白蒜,NA
蒜,NA
薑,NA
蔥,NA
韭蔥,NA
乾蔥頭,NA
蝦夷蔥,NA
薤,NA
油蔥酥,NA
紅蔥頭,NA
香菜,NA
迷迭香,NA
水,NA
氣泡水,NA
冰塊,NA
鹼水,NA
通寧水,NA
出汁,NA
芡水,NA
沙薑,NA
刺蔥粉,NA
太白粉,NA
椰子粉,NA
玉米粉,NA
泡打粉,NA
發酵粉,NA
依士粉,NA
小蘇打粉,NA
地瓜粉,NA
紫薯粉,NA
炸粉,NA
塔塔粉,NA
馬蹄粉,NA
酵母粉,NA
卡士達粉,NA
卡士達醬,NA
黃豆粉,NA
蛋黃粉,NA
木瓜粉,NA
麥芽粉,NA
雞精粉,NA
咖哩,NA
咖喱醬,NA
五香粉,NA
七味粉,NA
十三香,NA
七色粉,NA
香蒜粉,NA
豌豆粉,NA
可可粉,NA
抹茶粉,NA
梅子粉,NA
甘梅粉,NA
甘梅,NA
香草粉,NA
番茜粉,NA
和風碳烤粉,NA
黃薑粉,NA
啤酒酵母,NA
藕粉,NA
椰纖粉,NA
纖維粉,NA
青豆粉,NA
黑豆粉,NA
沿蔉粉,NA
豉汁,NA
濃縮紅甜菜汁料理粉,NA
抹茶拉堤粉,NA
提拉米蘇慕斯粉,NA
餅乾粉,NA
布蕾粉,NA
奶香粉,NA
椰粉,NA
椰蓉,NA
脆酥粉,NA
蒸肉粉,NA
香辣粉,NA
香草冰砂粉,NA
豆花粉,NA
發糕粉,NA
慕斯粉,NA
艾草粉,NA
竹炭粉,NA
蛋白粉,NA
玫瑰花粉,NA
素蛋粉,NA
罌粟籽粉,NA
乾酪粉,NA
栗粉,NA
糕仔粉,NA
丁香粉,NA
白汁粉,NA
珍珠粉,NA
柿霜,NA
玫瑰花露,NA
紅趜醬,NA
醬鼓,NA
鹼油,NA
醬油露,NA
香糟露,NA
老抽,NA
生抽,NA
糟滷,NA
黃豆醬,NA
醬油,NA
醬油膏,NA
白蔭油,NA
白曝油,NA
素蠔油,NA
蒜蓉蔥油膏,NA
蔥油醬,NA
香豉醬,NA
蒜味醬,NA
蒜味粉,NA
醬爆醬,NA
薄鹽醬,NA
塔香油膏,NA
沙茶醬,NA
素沙茶醬,NA
肉燥,NA
肉醬,NA
豬肉醬,NA
烤肉醬,NA
蕃茄醬,NA
蕃茄糊,NA
蕃茄沙司,NA
沙拉醬,NA
和風醬,NA
千島醬,NA
凱薩醬,NA
花生醬,NA
巧克力醬,NA
雞醬,NA
甜麵醬,NA
甜辣醬,NA
春川燉雞塊調理醬,NA
XO醬,NA
HP醬,NA
豆瓣醬,NA
黑豆瓣醬,NA
白豆醬,NA
豆酥醬,NA
海鮮醬,NA
海山醬,NA
柱侯醬,NA
紅糟醬,NA
抹茶醬,NA
果醬,NA
果漿,NA
洛神醬,NA
咖哩醬,NA
奶油白醬,NA
黃芥末醬,NA
照燒醬,NA
糖醋醬,NA
葡萄醋,NA
麻婆醬,NA
o急汁,NA
老虎醬,NA
中濃醬,NA
蒜香黑糊椒醬,NA
黑胡椒蘑菇醬,NA
義式花香醬,NA
酒醋膏,NA
紅醬,NA
黃醬,NA
白醬,NA
青醬,NA
炸醬,NA
桔醬,NA
橘子醬,NA
梅醬,NA
沙嗲醬,NA
塔塔醬,NA
大阪燒醬汁,NA
壽喜燒醬,NA
魚香醬,NA
魚子醬,NA
莎莎醬,NA
蛋黃醬,NA
蛋奶醬,NA
黑龍炒醬,NA
京醬牛肉炒醬,NA
油蔥萬用醬,NA
五味醬,NA
胡麻醬,NA
菌菇醬,NA
欖仁醬,NA
香柚醬,NA
香樁醬,NA
奇香醬,NA
宮保醬,NA
麻婆豆腐淋醬,NA
蜜汁醬,NA
明太子醬,NA
褐醬,NA
酒糖液,NA
南乳汁,NA
香酒汁,NA
辣鮮露,NA
烤鴨醬,NA
叻沙醬,NA
西汁,NA
鮮味露,NA
鮮味粉,NA
海鮮粉,NA
豆醬醃床,NA
爆香調味醬,NA
蝦醬,NA
酸甜醬,NA
黑醬,NA
墨魚醬,NA
肝醬,NA
酸枳醬,NA
荷蘭醬,NA
四色調味醬,NA
卡非醬,NA
親子丼醬,NA
燒肉丼醬,NA
韓國辣炒醬,NA
韓國大醬,NA
醃醬,NA
春捲醬,NA
蒜蓉醬,NA
蒜蓉酥,NA
大醬,NA
味增醬,NA
春捲沾醬,NA
壺底蔭醬,NA
香蝦拌醬,NA
蘋果醬,NA
果律醬,NA
焦糖醬,NA
海膽醬,NA
香草醬,NA
燒雞醬,NA
煎餅沾醬,NA
乾燒醬,NA
粑粑絲醬,NA
柚醋醬,NA
酸橙醋,NA
打拋醬,NA
三杯醬,NA
怪味醬,NA
串燒醬,NA
雞卷沾醬,NA
粗豆醬,NA
核桃酪甜醬,NA
柚庵醬,NA
蠔醬,NA
A1醬,NA
莓醬,NA
廣式沾醬,NA
卡夫奇妙醬,NA
天婦羅沾醬,NA
摩卡醬,NA
馬麥醬,NA
白拌醬,NA
韓式拌醬,NA
義大利醬,NA
年糕醬,NA
紐奧良沾醬,NA
緬甸酸豆醬,NA
尼斯醬,NA
醉雞汁,NA
特製醬料,NA
台灣搵醬,NA
牛腩醬,NA
廣東油雞淋醬,NA
墨西哥醬,NA
加多加多醬,NA
香糟蒸醬,NA
香草籽醬,NA
BB醬,NA
豬骨醬,NA
紅燒汁,NA
花果香料醬,NA
英國伍斯塔醬,NA
辛奇醬,NA
韓式燉醬,NA
海鮮涮涮鍋醬,NA
月見沾醬,NA
客家豆醬,NA
調理素肉漿,NA
黑輪沾醬,NA
桔利蜜,NA
山海醬,NA
金平醬,NA
藍花汁,NA
原味醬包,NA
青紫蘇調味醬,NA
紅李沾醬,NA
PIZZA醬,NA
乳香醬,NA
TABASCO,NA
鬱金粉,NA
葛鬱金粉,NA
紫羅蘭粉,NA
胡椒粉,NA
胡椒粉,NA
辣椒,NA
五彩辣椒,NA
辣椒乾,NA
辣椒水,NA
辣椒粉,NA
辣油,NA
辣椒醬,NA
花椒,NA
青花椒,NA
芥末,NA
山葵,NA
山葵葉,NA
辣根,NA
牛小椒,NA
馬告,NA
莓果粉,NA
豉椒醬,NA
三巴醬,NA
桂花醬,NA
玫瑰花醬,NA
鰹魚水,NA
蘇打水,NA
鹽水,NA
蜂蜜水,NA
鹵水,NA
鹽麴,NA
檸檬酪,NA
酸辣湯塊,NA
克林姆餡,NA
歐利歐夾心餡,NA
美乃滋,NA
蘑菇醬,NA
海鮮塊,NA
清湯,NA
雞汁,NA
素湯頭,NA
奶香湯頭,NA
雞湯,NA
高湯,NA
素高湯,NA
冬陰功,NA
蝦油,NA
鮮雞晶,NA
米霖,NA
味醂,NA
香菇精,NA
嫩精,NA
改良劑,NA
紅潤釀,NA
醃味料,NA
乳化劑,NA
吉利丁　,NA
吉利T,NA
洋菜粉,NA
茶凍粉,NA
寒天粉,NA
藍藻粉,NA
果膠,NA
蜂膠,NA
亮光膠,NA
杏桃醬,NA
藍梅醬,NA
膠凍,NA
濃湯粉,NA
調味粉包,NA
Taco調味粉,NA
中華調味粉,NA
韓式甘味調味粉,NA
美式綜合調味粉,NA
醃肉調味粉,NA
鮮味炒手,NA
烹大師堅魚風味,NA
義式調味粉,NA
日式料理粉,NA
酒麴,NA
酒粕,NA
紅糟,NA
白酒麴,NA
白芝麻,NA
芝麻,NA
黑芝麻粉,NA
芝麻醬,NA
甘草粉,NA
甘草,NA
肉桂,NA
肉桂粉,NA
小茴香,NA
蒔蘿,NA
蒔蘿粉,NA
葛縷子,NA
巴西里,NA
草果,NA
刺山柑,NA
刺柏,NA
酸豆,NA
豆蔻,NA
荳蔻粉,NA
紫蘇,NA
孜然,NA
赤查某,NA
辣木,NA
葛樓子,NA
蓮葉,NA
香料,NA
西式香料,NA
義大利香料,NA
印度香料,NA
泰式香料,NA
美國西南方風味香料粉,NA
墨西哥香料,NA
法式香料,NA
鹽焗雞香料粉,NA
西洋香料,NA
桂花香料,NA
摩洛哥香料,NA
海鮮香料,NA
烤雞粉,NA
紅花,NA
龍蒿,NA
菩提葉,NA
月桂葉,NA
薰衣草,NA
薄荷葉,NA
杭菊,NA
甜葉菊,NA
藿香,NA
荷葉,NA
迷迭香,NA
奧勒岡,NA
九層塔,NA
甜蘿勒,NA
叻沙葉,NA
咖哩葉,NA
檸檬葉,NA
棕櫚葉,NA
香蕉葉,NA
烏芭葉,NA
七里香,NA
麝香草,NA
七葉蘭,NA
木糖醇,NA
山藥粉,NA
百草粉,NA
馬郁蘭,NA
馬鞭草,NA
蛇舌草,NA
黑罌栗,NA
盤龍蔘,NA
龍蒿葉,NA
蕺菜,NA
檳榔嫩莖,NA
藤三七,NA
欖角,NA
蘿蔔葉,NA
香草,NA
香茅,NA
香草精,NA
蘭姆精,NA
梅精,NA
橄欖,NA
綠橄欖,NA
玫瑰露,NA
蕃紅花粉,NA
鼠尾草,NA
茄冬葉,NA
杜卡,NA
炸香料,NA
肯瓊粉,NA
桑葉,NA
車前草,NA
柚子葉,NA
茶末,NA
泡椒,NA
石古子,NA
泰式涼拌醬,NA
酸辣醬,NA
辣拌醬,NA
宮保雞丁醬,NA
魯肉罐頭,NA
滷汁,NA
肉汁,NA
醬汁,NA
亨氏調味汁,NA
鮮辣淋汁,NA
滷水,NA
粉漿,NA
起酥片,NA
望羅子汁,NA
筍醬,NA
天婦羅沾料,NA
火鍋沾料,NA
優酪蝦球調味汁,NA
當歸湯汁,NA
油包,NA
橙皮,NA
蜜漬橙皮丁,NA
檸檬皮,NA
桔香料,NA
白蒲鉾,NA
紅蒲鉾,NA
百合,NA
芙蓉花,NA
櫻花,NA
桂花,NA
洛神花,NA
菊花,NA
蘿蔔花,NA
花萼,NA
蘋果花,NA
玫瑰花,NA
金銀花,NA
蓮花,NA
櫻花,NA
蒜花,NA
曇花,NA
雞蛋花,NA
胡蘿蔔花,NA
接骨木花,NA
洋甘菊,NA
甜菊,NA
食用菊,NA
黃金菊,NA
蒲公英,NA
雪蓮花,NA
金盞花,NA
雪蓮,NA
霸王花,NA
蘿凱花,NA
歐石南,NA
番紅花,NA
忘憂草,NA
金盞花,NA
木棉,NA
雪菊,NA
茉莉花,NA
半支蓮,NA
金蓮花,NA
紫羅蘭,NA
鬱金香,NA
珍珠梅,NA
