,V2.y,V1.y,V1,V2.x
1,調味料,K,食鹽,24400
2,調味料,K,砂糖,23221
3,調味料,K,水,20359
4,調味料,K,蒜,13424
5,調味料,K,胡椒粉,13058
6,調味料,K,胡椒粉,13058
7,調味料,K,醬油,11910
8,蛋_豆_奶_豆製品類,H,雞蛋,11583
9,調味料,K,蔥,10795
10,調味料,K,薑,9539
11,調味料,K,米酒,9031
12,調味料,K,油,8243
13,調味料,K,麻油,7718
14,蔬菜類,G,洋蔥,7485
15,蛋_豆_奶_豆製品類,H,牛奶,6429
16,調味料,K,辣椒,6424
17,調味料,K,奶油,6099
18,蔬菜類,G,胡蘿蔔,5908
19,調味料,K,太白粉,5591
20,澱粉,J,低筋麵粉,5514
21,海菜菇蕈中藥,I,香菇,3861
22,蛋_豆_奶_豆製品類,H,起司,3767
23,調味料,K,橄欖油,3622
24,蛋_豆_奶_豆製品類,H,奶酪,3190
25,蛋_豆_奶_豆製品類,H,奶酪,3190
26,調味料,K,高湯,2950
27,調味料,K,雞精粉,2815
28,蛋_豆_奶_豆製品類,H,鮮奶油,2786
29,調味料,K,鮮奶油,2786
30,豬肉,B,豬絞肉,2780
31,調味料,K,酒,2576
32,調味料,K,香菜,2440
33,蔬菜類,G,甜椒,2402
34,蛋_豆_奶_豆製品類,H,蛋黃,2317
35,其他,L,檸檬汁,2305
36,澱粉,J,高筋麵粉,2294
37,調味料,K,酵母粉,2228
38,蔬菜類,G,馬鈴薯,2210
39,澱粉,J,中筋麵粉,2175
40,澱粉,J,飯,2146
41,調味料,K,九層塔,2072
42,調味料,K,味醂,2066
43,調味料,K,蕃茄醬,2034
44,澱粉,J,麵,2020
45,調味料,K,泡打粉,2012
46,蔬菜類,G,小黃瓜,1958
47,調味料,K,糖粉,1937
48,調味料,K,冰糖,1869
49,蔬菜類,G,高麗菜,1837
50,海鮮類,F,蝦,1822
51,蛋_豆_奶_豆製品類,H,蛋白,1801
52,澱粉,J,麵粉,1758
53,調味料,K,蜂蜜,1725
54,澱粉,J,米,1714
55,調味料,K,蠔油,1673
56,其他,L,巧克力,1598
57,澱粉,J,玉米粉,1539
58,調味料,K,玉米粉,1539
59,調味料,K,醬油膏,1508
60,海鮮類,F,蝦仁,1408
61,調味料,K,白醋,1392
62,調味料,K,咖哩,1367
63,蔬菜類,G,檸檬,1358
64,調味料,K,白芝麻,1351
65,蔬菜類,G,南瓜,1322
66,蔬菜類,G,南瓜,1322
67,蔬菜類,G,草莓,1317
68,調味料,K,烏醋,1290
69,澱粉,J,土司,1280
70,海菜菇蕈中藥,I,海苔,1276
71,蔬菜類,G,白蘿蔔,1244
72,蔬菜類,G,花椰菜,1209
73,蔬菜類,G,蘋果,1160
74,雞肉,C,雞胸肉,1124
75,調味料,K,紅糖,1112
76,蔬菜類,G,芹菜,1104
77,豬肉,B,火腿,1091
78,調味料,K,美乃滋,1088
79,蔬菜類,G,番薯,1085
80,海菜菇蕈中藥,I,洋菇,1082
81,其他,L,巧克力粉,1072
82,蛋_豆_奶_豆製品類,H,豆腐,1065
83,豬肉,B,培根,1063
84,雞肉,C,雞腿,1056
85,蛋_豆_奶_豆製品類,H,杏仁,1051
86,調味料,K,豆瓣醬,1041
87,海菜菇蕈中藥,I,枸杞,1035
88,調味料,K,地瓜粉,1034
89,調味料,K,辣椒醬,1028
90,海鮮類,F,蛤,1020
91,調味料,K,醋,1009
92,調味料,K,巴西里,1004
93,調味料,K,芝麻,978
94,蛋_豆_奶_豆製品類,H,蛋液,931
95,調味料,K,花椒,931
96,海鮮類,F,魚露,925
97,蔬菜類,G,小番茄,918
98,調味料,K,吉利丁　,916
99,海鮮類,F,蝦米,914
100,蔬菜類,G,美生菜,901
101,調味料,K,紅蔥頭,882
102,海鮮類,F,柴魚粉,881
103,豬肉,B,豬五花肉,864
104,澱粉,J,玉米粒,864
105,海菜菇蕈中藥,I,八角,862
106,海菜菇蕈中藥,I,杏鮑菇,860
107,豬肉,B,排骨,848
108,澱粉,J,義大利麵,828
109,蔬菜類,G,芋頭,819
110,蛋_豆_奶_豆製品類,H,奶粉,811
111,蛋_豆_奶_豆製品類,H,煉乳,809
112,雞肉,C,雞腿肉,808
113,調味料,K,香草精,792
114,豬肉,B,豬油,788
115,調味料,K,豬油,788
116,調味料,K,海鹽,777
117,調味料,K,義大利香料,772
118,調味料,K,辣椒粉,755
119,蔬菜類,G,鳳梨,746
120,調味料,K,冰塊,745
121,調味料,K,五香粉,743
122,海菜菇蕈中藥,I,海帶,743
123,調味料,K,椒鹽,725
124,澱粉,J,麵包粉,725
125,調味料,K,雞湯,718
126,蔬菜類,G,香蕉,712
127,豬肉,B,豬肉絲,703
128,蛋_豆_奶_豆製品類,H,味噌,700
129,蔬菜類,G,西洋芹菜,695
130,調味料,K,紹興酒,693
131,調味料,K,味精,688
132,海菜菇蕈中藥,I,紅棗,687
133,調味料,K,油蔥酥,672
134,海鮮類,F,干貝,661
135,蔬菜類,G,蘆筍,659
136,海菜菇蕈中藥,I,鴻喜菇,651
137,豬肉,B,豬肉片,644
138,蛋_豆_奶_豆製品類,H,優格,638
139,澱粉,J,玉米,632
140,海鮮類,F,花枝,631
141,蛋_豆_奶_豆製品類,H,奶油起司,623
142,海菜菇蕈中藥,I,金針菇,620
143,調味料,K,沙茶醬,619
144,雞肉,C,全雞,611
145,蛋_豆_奶_豆製品類,H,紅豆,607
146,蔬菜類,G,小白菜,606
147,牛肉,A,﻿牛肉,605
148,調味料,K,小蘇打粉,603
149,蛋_豆_奶_豆製品類,H,核桃,603
150,調味料,K,植物油,602
151,蔬菜類,G,芒果,590
152,調味料,K,香草,583
153,調味料,K,月桂葉,570
154,蔬菜類,G,豌豆仁,570
155,海菜菇蕈中藥,I,黑木耳,569
156,蛋_豆_奶_豆製品類,H,椰奶,568
157,蔬菜類,G,茄子,557
158,蛋_豆_奶_豆製品類,H,花生,551
159,蔬菜類,G,葡萄乾,546
160,調味料,K,二砂糖,544
161,調味料,K,滷汁,544
162,調味料,K,肉桂粉,541
163,海菜菇蕈中藥,I,木耳,540
164,澱粉,J,糯米,539
165,澱粉,J,冬粉,535
166,海鮮類,F,鮭魚,534
167,澱粉,J,糯米粉,528
168,其他,L,泡菜,527
169,豬肉,B,豬肉,526
170,海鮮類,F,透抽,522
171,蛋_豆_奶_豆製品類,H,起司粉,517
172,雞肉,C,雞肉,515
173,蔬菜類,G,綠豆芽,513
174,蔬菜類,G,筍,508
175,蔬菜類,G,大白菜,508
176,調味料,K,沙拉醬,508
177,蔬菜類,G,菜豆,505
178,調味料,K,辣油,505
179,蔬菜類,G,菠菜,500
180,調味料,K,蒜苗,499
181,蔬菜類,G,青江菜,493
182,蔬菜類,G,奇異果,491
183,海鮮類,F,鮪魚,485
184,海鮮類,F,魚肉,481
185,調味料,K,芥末,479
186,調味料,K,素蠔油,479
187,調味料,K,果醬,475
188,蛋_豆_奶_豆製品類,H,豆干,473
189,豬肉,B,香腸,471
190,蔬菜類,G,苦瓜,460
191,其他,L,咖啡,458
192,蛋_豆_奶_豆製品類,H,豆豉,456
193,調味料,K,葡萄酒,452
194,蔬菜類,G,玉米筍,450
195,調味料,K,辣椒乾,444
196,蛋_豆_奶_豆製品類,H,板豆腐,431
197,海鮮類,F,牡蠣,429
198,蛋_豆_奶_豆製品類,H,鹹鴨蛋,425
199,蔬菜類,G,柳橙,416
200,澱粉,J,麥芽,415
201,調味料,K,麥芽,415
202,調味料,K,迷迭香,404
203,調味料,K,迷迭香,404
204,蔬菜類,G,山藥,403
205,雞肉,C,雞翅,386
206,澱粉,J,鬆餅粉,385
207,豬肉,B,豬里肌,383
208,調味料,K,抹茶粉,380
209,其他,L,生菜沙拉,379
210,蔬菜類,G,檸檬皮,373
211,調味料,K,檸檬皮,373
212,調味料,K,醬汁,372
213,牛肉,A,牛肉片,371
214,調味料,K,麝香草,371
215,蔬菜類,G,蔓越莓,365
216,調味料,K,芝麻醬,359
217,澱粉,J,在來米粉,343
218,海鮮類,F,鯛魚,342
219,調味料,K,肉桂,342
220,調味料,K,薄荷葉,340
221,調味料,K,果糖,339
222,蛋_豆_奶_豆製品類,H,奶水,336
223,其他,L,紅茶,336
224,蛋_豆_奶_豆製品類,H,豆漿,333
225,蔬菜類,G,絲瓜,332
226,蔬菜類,G,番茄,332
227,澱粉,J,麵糰,328
228,調味料,K,肉燥,325
229,海鮮類,F,魷魚,324
230,豬肉,B,豬梅花肉,321
231,蛋_豆_奶_豆製品類,H,腐皮,319
232,海菜菇蕈中藥,I,白菇,316
233,調味料,K,七味粉,314
234,蔬菜類,G,藍莓,309
235,調味料,K,蘭姆酒,308
236,蛋_豆_奶_豆製品類,H,水煮蛋,305
237,調味料,K,和風醬,304
238,澱粉,J,米粉,303
239,調味料,K,醬油露,299
240,蛋_豆_奶_豆製品類,H,帕馬森起司,296
241,蔬菜類,G,荸薺,295
242,澱粉,J,麵包,288
243,澱粉,J,燕麥,287
244,調味料,K,香料,286
245,蛋_豆_奶_豆製品類,H,豆腐乳,281
246,其他,L,蒟蒻,273
247,海菜菇蕈中藥,I,當歸藥包,272
248,蛋_豆_奶_豆製品類,H,皮蛋,270
249,其他,L,柳橙汁,268
250,蛋_豆_奶_豆製品類,H,栗子,268
251,蛋_豆_奶_豆製品類,H,堅果,267
252,蔬菜類,G,水果,265
253,其他,L,烹大師,265
254,其他,L,蔬菜,261
255,澱粉,J,拉麵,258
256,澱粉,J,水餃皮,252
257,蛋_豆_奶_豆製品類,H,松子仁,249
258,調味料,K,甘草,247
259,牛肉,A,牛絞肉,245
260,蔬菜類,G,酸菜,237
261,海菜菇蕈中藥,I,牛蒡,236
262,調味料,K,豬肉醬,232
263,調味料,K,花生醬,231
264,澱粉,J,消化餅乾,230
265,海鮮類,F,鰹魚,230
266,調味料,K,烤肉醬,228
267,調味料,K,紅糟,227
268,其他,L,冰淇淋,226
269,調味料,K,鮮味炒手,225
270,調味料,K,小茴香,225
271,調味料,K,甜麵醬,225
272,豬肉,B,熱狗,223
273,澱粉,J,全麥麵粉,222
274,海鮮類,F,蟹肉棒,221
275,調味料,K,薄鹽醬,221
276,豬肉,B,肉鬆,219
277,澱粉,J,披薩,219
278,其他,L,披薩,219
279,其他,L,菜脯,218
280,蔬菜類,G,蘿蔓萵苣,217
281,澱粉,J,梗米,214
282,蛋_豆_奶_豆製品類,H,花生粉,210
283,蔬菜類,G,毛豆,209
284,澱粉,J,厚片吐司,208
285,澱粉,J,麵線,207
286,調味料,K,香茅,205
287,蔬菜類,G,冬瓜,202
288,蔬菜類,G,冬瓜,202
289,澱粉,J,酥皮,200
290,豬肉,B,豬肋排,200
291,其他,L,火鍋料,200
292,蔬菜類,G,櫻桃,199
293,海鮮類,F,魚高湯,197
294,澱粉,J,油麵,197
295,蔬菜類,G,筍乾,195
296,調味料,K,香草粉,194
297,蔬菜類,G,秋葵,194
298,蔬菜類,G,秋葵,194
299,澱粉,J,麵糊,192
300,調味料,K,香蒜粉,192
301,蔬菜類,G,筊白筍,192
302,澱粉,J,烏龍麵,191
303,蔬菜類,G,黃瓜,190
304,其他,L,蛋糕,189
305,調味料,K,清酒,188
306,海鮮類,F,鱈魚,187
307,海鮮類,F,小卷,187
308,調味料,K,橄欖,187
309,調味料,K,XO醬,186
310,調味料,K,生抽,186
311,蔬菜類,G,空心菜,185
312,蔬菜類,G,百香果,184
313,調味料,K,米油,182
314,海鮮類,F,吻仔魚,181
315,蔬菜類,G,桃子,181
316,海菜菇蕈中藥,I,黃耆,180
317,調味料,K,糖漿,179
318,海菜菇蕈中藥,I,秀珍菇,179
319,調味料,K,黃芥末醬,179
320,蔬菜類,G,醬瓜,176
321,其他,L,香鬆,175
322,蔬菜類,G,綠竹筍,174
323,蔬菜類,G,豌豆芽,174
324,海鮮類,F,櫻花蝦,174
325,其他,L,布丁,174
326,調味料,K,果醋,173
327,海菜菇蕈中藥,I,丁香,172
328,蛋_豆_奶_豆製品類,H,綠豆,171
329,雞肉,C,棒棒腿,171
330,蛋_豆_奶_豆製品類,H,蓮子,170
331,澱粉,J,薏仁,166
332,澱粉,J,塔皮,165
333,蔬菜類,G,龍眼乾,165
334,海鮮類,F,魚板,165
335,蔬菜類,G,甜豆,165
336,蔬菜類,G,蓮藕,165
337,蔬菜類,G,柚子,164
338,調味料,K,高梁酒,163
339,調味料,K,甜辣醬,163
340,調味料,K,炸醬,162
341,調味料,K,巧克力醬,162
342,澱粉,J,酒釀,162
343,調味料,K,酒釀,162
344,調味料,K,椰粉,161
345,蔬菜類,G,萵苣,161
346,牛肉,A,牛排,161
347,蔬菜類,G,梨子,161
348,其他,L,紅豆餡,161
349,其他,L,海鮮,160
350,雞肉,C,雞腿排,160
351,澱粉,J,湯圓,159
352,海菜菇蕈中藥,I,陳皮,158
353,蔬菜類,G,節瓜,158
354,牛肉,A,牛腱,157
355,蔬菜類,G,萊姆,157
356,澱粉,J,壽司,157
357,調味料,K,楓糖,156
358,豬肉,B,豬腳,156
359,牛肉,A,牛腩,154
360,蔬菜類,G,橘子,154
361,調味料,K,白蘭地,153
362,蛋_豆_奶_豆製品類,H,馬茲拉起司,152
363,豬肉,B,五花豬肉片,151
364,調味料,K,香菇精,151
365,蔬菜類,G,酪梨,148
366,其他,L,諾鈣C發泡錠,147
367,豬肉,B,松阪豬,146
368,海鮮類,F,蝦皮,146
369,海鮮類,F,蝦皮,146
370,調味料,K,塔塔粉,146
371,牛肉,A,牛肋排,145
372,豬肉,B,豬瘦肉,144
373,澱粉,J,餅乾,144
374,蛋_豆_奶_豆製品類,H,油豆腐,144
375,其他,L,汽水,143
376,海鮮類,F,鱸魚,143
377,調味料,K,白醬,142
378,海鮮類,F,魚漿,142
379,其他,L,壽喜燒,142
380,蔬菜類,G,紫蘇,141
381,調味料,K,紫蘇,141
382,其他,L,綿花糖,140
383,澱粉,J,隔夜飯,140
384,蔬菜類,G,三色蔬菜,138
385,蔬菜類,G,葡萄,138
386,澱粉,J,糙米,138
387,蛋_豆_奶_豆製品類,H,蛋豆腐,137
388,海鮮類,F,柴魚,136
389,澱粉,J,泡麵,136
390,蔬菜類,G,金桔,136
391,蛋_豆_奶_豆製品類,H,腰果,135
392,其他,L,綠茶,133
393,蔬菜類,G,金針花,131
394,豬肉,B,臘腸,131
395,調味料,K,卡士達粉,131
396,豬肉,B,豬排,130
397,蛋_豆_奶_豆製品類,H,優酪乳,130
398,蔬菜類,G,檸檬葉,130
399,調味料,K,檸檬葉,130
400,澱粉,J,紫米,129
401,蔬菜類,G,龍眼,128
402,蔬菜類,G,梅子,128
403,海菜菇蕈中藥,I,混合菇,128
404,蔬菜類,G,覆盆子,126
405,蛋_豆_奶_豆製品類,H,黃豆,126
406,調味料,K,咖哩醬,126
407,海鮮類,F,虱目魚,126
408,海鮮類,F,蟹肉,123
409,豬肉,B,梅花肉片,123
410,調味料,K,炸粉,123
411,海鮮類,F,蟹腳,121
412,澱粉,J,法國麵包,121
413,海鮮類,F,魚丸,121
414,蔬菜類,G,話梅,121
415,其他,L,話梅,121
416,調味料,K,黑芝麻粉,120
417,海鮮類,F,小魚乾,120
418,調味料,K,洋菜粉,119
419,澱粉,J,餛飩皮,119
420,調味料,K,酸奶油,117
421,雞肉,C,雞骨,117
422,調味料,K,荳蔻粉,117
423,調味料,K,酸辣醬,116
424,蔬菜類,G,青木瓜,116
425,調味料,K,孜然,116
426,豬肉,B,豬大腸,115
427,調味料,K,啤酒,113
428,調味料,K,奧勒岡,113
429,調味料,K,義大利醬,112
430,調味料,K,青醬,112
431,豬肉,B,豬後腿肉,111
432,其他,L,茶葉,111
433,海菜菇蕈中藥,I,樹子,110
434,蔬菜類,G,韭菜花,110
435,其他,L,水餃,110
436,蛋_豆_奶_豆製品類,H,黑豆,109
437,蔬菜類,G,苜蓿芽,109
438,調味料,K,酸豆,109
439,海鮮類,F,魚卵,109
440,蔬菜類,G,黃豆芽,109
441,調味料,K,酥油,108
442,調味料,K,鮮雞晶,108
443,調味料,K,玫瑰花,107
444,調味料,K,伍斯特醬,107
445,羊,D,羊肉,106
446,海鮮類,F,鯖魚,105
447,豬肉,B,豬骨,105
448,蔬菜類,G,白花椰菜,105
449,海鮮類,F,螃蟹,105
450,海菜菇蕈中藥,I,草菇,105
451,海菜菇蕈中藥,I,白木耳,105
452,其他,L,叉燒肉,105
453,豬肉,B,豬里肌肉片,104
454,調味料,K,椰糖,104
455,調味料,K,洛神花,104
456,蛋_豆_奶_豆製品類,H,豆沙,104
457,澱粉,J,油條,104
458,調味料,K,老抽,102
459,海菜菇蕈中藥,I,蔘鬚,102
460,澱粉,J,麥粉,102
461,牛肉,A,牛小排,102
462,海鮮類,F,鰻魚,101
463,其他肉類,E,鴨血,101
464,調味料,K,草果,101
465,蔬菜類,G,紫洋蔥,101
466,調味料,K,梅醬,100
467,調味料,K,吉利T,99
468,蛋_豆_奶_豆製品類,H,豆包,99
469,蔬菜類,G,銀杏,98
470,牛肉,A,牛菲力,97
471,調味料,K,紅醬,97
472,調味料,K,鮮味露,96
473,海菜菇蕈中藥,I,桂枝,96
474,豬肉,B,貢丸,96
475,澱粉,J,粉圓,96
476,澱粉,J,粉圓,96
477,調味料,K,紅酒醋,95
478,海菜菇蕈中藥,I,川芎,95
479,澱粉,J,春捲皮,93
480,蔬菜類,G,酸黃瓜,93
481,蛋_豆_奶_豆製品類,H,瑪斯卡彭起司,93
482,蛋_豆_奶_豆製品類,H,南瓜子,93
483,澱粉,J,去筋麵粉,93
484,牛肉,A,牛肉絲,92
485,海鮮類,F,甜不辣,92
486,海鮮類,F,鯷魚,91
487,羊,D,羊肉片,91
488,海鮮類,F,九孔,91
489,澱粉,J,Oreo餅乾,90
490,蔬菜類,G,果乾,90
491,蔬菜類,G,香樁,89
492,調味料,K,蕃茄糊,89
493,澱粉,J,蘿蔔糕,88
494,澱粉,J,年糕,88
495,蔬菜類,G,榨菜,87
496,蔬菜類,G,紫蘇梅,87
497,調味料,K,糖水,86
498,其他,L,裝飾糖粒,86
499,豬肉,B,豬里肌肉排,86
500,蔬菜類,G,茼蒿,86
501,調味料,K,蒜酥,86
502,蛋_豆_奶_豆製品類,H,臭豆腐,85
503,蔬菜類,G,樹薯,85
504,澱粉,J,餅皮,85
505,調味料,K,咖啡酒,84
506,雞肉,C,雞里肌肉,84
507,海鮮類,F,蝦醬,84
508,調味料,K,蝦醬,84
509,調味料,K,沙薑,84
510,其他,L,預拌粉,83
511,蔬菜類,G,火龍果,82
512,其他,L,可爾必思,81
513,調味料,K,梅子粉,81
514,其他,L,仙草,80
515,其他肉類,E,鴨,79
516,蔬菜類,G,黑棗,79
517,澱粉,J,麻糬,79
518,其他肉類,E,鴨胸,79
519,澱粉,J,穀片,79
520,豬肉,B,豬肝,79
521,豬肉,B,豬肝,79
522,蔬菜類,G,大芥菜,79
523,雞肉,C,雞腳,78
524,調味料,K,山葵,78
525,澱粉,J,通心粉,78
526,調味料,K,鬱金粉,78
527,蛋_豆_奶_豆製品類,H,鵪鶉蛋,77
528,豬肉,B,豬胛心肉,77
529,其他,L,巧克力米,77
530,調味料,K,橙酒,76
531,海菜菇蕈中藥,I,松露,76
532,蛋_豆_奶_豆製品類,H,榛果,75
533,調味料,K,嫩精,75
534,澱粉,J,玉米醬,74
535,海鮮類,F,魚餃,74
536,其他,L,雲吞,74
537,蔬菜類,G,甜菜,74
538,其他,L,米血,73
539,其他,L,肥膘,73
540,澱粉,J,粄條,72
541,蛋_豆_奶_豆製品類,H,素火腿,72
542,豬肉,B,臘肉,72
543,蔬菜類,G,甘藷葉,71
544,調味料,K,白酒醋,71
545,其他,L,蕃茄汁,70
546,其他,L,蜜餞,70
547,海菜菇蕈中藥,I,柳松菇,70
548,其他,L,蛋皮,69
549,其他,L,色素,69
550,其他,L,養樂多,69
551,調味料,K,莓醬,69
552,蔬菜類,G,雪裡紅,69
553,調味料,K,豆蔻,69
554,澱粉,J,饅頭,68
555,蔬菜類,G,水麥芽,68
556,蔬菜類,G,水麥芽,68
557,雞肉,C,烏骨雞肉,68
558,其他,L,陽春麵,67
559,蛋_豆_奶_豆製品類,H,西谷米,67
560,澱粉,J,西谷米,67
561,海菜菇蕈中藥,I,海藻,67
562,調味料,K,苦茶油,67
563,其他,L,抹茶,67
564,蔬菜類,G,葡萄柚,66
565,澱粉,J,小麥,66
566,海菜菇蕈中藥,I,舞菇,65
567,蛋_豆_奶_豆製品類,H,豆渣,65
568,海鮮類,F,丁香魚,65
569,其他,L,糖果,65
570,蔬菜類,G,芥蘭菜,65
571,海鮮類,F,比目魚,65
572,蔬菜類,G,梅菜,65
573,雞肉,C,雞丁,65
574,澱粉,J,粥,64
575,牛肉,A,沙朗牛排,64
576,澱粉,J,起酥片,64
577,調味料,K,起酥片,64
578,調味料,K,蔥油,64
579,調味料,K,紅油,64
580,蔬菜類,G,藕粉,64
581,調味料,K,藕粉,64
582,其他,L,烏龍茶,64
583,澱粉,J,河粉,63
584,調味料,K,黃豆醬,63
585,調味料,K,改良劑,63
586,調味料,K,黃豆粉,63
587,調味料,K,果膠,63
588,海鮮類,F,石斑魚,62
589,調味料,K,素高湯,62
590,海鮮類,F,黃魚,62
591,調味料,K,油醋,61
592,蔬菜類,G,桑葚,61
593,豬肉,B,蹄膀,61
594,蛋_豆_奶_豆製品類,H,葵瓜子,61
595,蔬菜類,G,山芹菜,61
596,其他,L,海綿蛋糕,61
597,其他,L,海綿蛋糕,61
598,海菜菇蕈中藥,I,海菜,61
599,蔬菜類,G,冷凍蔬菜,61
600,其他,L,麻辣鍋底,60
601,調味料,K,橙皮,60
602,蔬菜類,G,紫高麗菜,60
603,豬肉,B,豬皮,60
604,澱粉,J,小米,60
605,海鮮類,F,旗魚,60
606,羊,D,羊排,59
607,澱粉,J,貝果,59
608,其他,L,梅子汁,58
609,其他,L,果汁,58
610,其他,L,炸雞,57
611,其他,L,炸雞,57
612,調味料,K,乳化劑,57
613,其他,L,果泥,57
614,海鮮類,F,海參,57
615,調味料,K,油蔥,56
616,其他,L,肉餡,56
617,蔬菜類,G,芭樂,55
618,海鮮類,F,鮑魚,55
619,澱粉,J,漢堡麵包,55
620,海菜菇蕈中藥,I,鮑魚菇,55
621,海菜菇蕈中藥,I,鮑魚菇,55
622,其他,L,芋泥,55
623,其他,L,巧克磚,55
624,蛋_豆_奶_豆製品類,H,五香豆,55
625,調味料,K,照燒醬,54
626,調味料,K,卡士達醬,54
627,澱粉,J,大麥,54
628,蔬菜類,G,哈密瓜,54
629,澱粉,J,蕎麥麵,54
630,雞肉,C,雞柳,54
631,蛋_豆_奶_豆製品類,H,切達起司,54
632,調味料,K,百合,54
633,豬肉,B,豬肉丁,53
634,調味料,K,蘑菇醬,53
635,其他,L,紅色色素,53
636,其他,L,雞精,53
637,蛋_豆_奶_豆製品類,H,鷹嘴豆,53
638,蔬菜類,G,木瓜,53
639,其他,L,茶包,53
640,調味料,K,桂花,52
641,調味料,K,糯米醋,52
642,調味料,K,糖醋醬,52
643,海鮮類,F,章魚,52
644,蔬菜類,G,西瓜,52
645,其他,L,粉蒸肉粉,51
646,澱粉,J,玉米脆片,51
647,調味料,K,荷葉,51
648,其他,L,蔥油餅,51
649,海菜菇蕈中藥,I,人蔘,51
650,蛋_豆_奶_豆製品類,H,豆酥碎,51
651,蛋_豆_奶_豆製品類,H,百頁豆腐,50
652,調味料,K,薰衣草,50
653,蔬菜類,G,瓠瓜,50
654,蛋_豆_奶_豆製品類,H,焗烤起司,50
655,蔬菜類,G,沙拉筍塊,50
656,豬肉,B,豬肚,50
657,蔬菜類,G,豇豆,50
658,蛋_豆_奶_豆製品類,H,素肉,49
659,海鮮類,F,明太子,49
660,澱粉,J,手指餅乾,49
661,調味料,K,奶油白醬,49
662,海鮮類,F,海瓜子,49
663,調味料,K,番紅花,49
664,調味料,K,香醋,48
665,海鮮類,F,龍蝦,48
666,調味料,K,鹽麴,48
667,調味料,K,米霖,48
668,海鮮類,F,吳郭魚,47
669,澱粉,J,脆漿粉,47
670,牛肉,A,牛骨,47
671,其他肉類,E,鴨肉,47
672,海鮮類,F,蜆,47
673,海鮮類,F,草魚,47
674,雞肉,C,雞胗,46
675,蔬菜類,G,番石榴,46
676,海鮮類,F,秋刀魚,46
677,海菜菇蕈中藥,I,熟地,46
678,蔬菜類,G,大頭菜,46
679,其他,L,燻雞,46
680,調味料,K,焦糖,45
681,調味料,K,薤,45
682,海菜菇蕈中藥,I,洋菜,45
683,澱粉,J,意麵,45
684,調味料,K,紅糟醬,45
685,蔬菜類,G,莧菜,45
686,蛋_豆_奶_豆製品類,H,胚芽,45
687,海鮮類,F,鯧魚,45
688,雞肉,C,雞肉絲,45
689,蔬菜類,G,冬菜,44
690,海鮮類,F,香魚,44
691,蔬菜類,G,甘蔗,44
692,調味料,K,乳瑪琳,44
693,調味料,K,千島醬,44
694,海菜菇蕈中藥,I,淮山,44
695,海鮮類,F,魚皮,43
696,蔬菜類,G,A菜,43
697,蔬菜類,G,福菜,43
698,蛋_豆_奶_豆製品類,H,開心果,43
699,其他,L,剉冰,43
700,其他肉類,E,螺肉,43
701,豬肉,B,豬肉條,43
702,調味料,K,海山醬,42
703,其他,L,滷蛋,42
704,澱粉,J,湯種,42
705,海菜菇蕈中藥,I,竹笙,42
706,蛋_豆_奶_豆製品類,H,夏威夷豆,42
707,海鮮類,F,蟳,42
708,其他,L,炒飯,42
709,其他,L,炒飯,42
710,調味料,K,焦糖醬,41
711,蔬菜類,G,椰子,41
712,海鮮類,F,竹輪,41
713,蛋_豆_奶_豆製品類,H,凍豆腐,41
714,其他,L,康寶濃湯,41
715,牛肉,A,牛筋,41
716,蛋_豆_奶_豆製品類,H,奶精,41
717,豬肉,B,豬大腸頭,41
718,其他,L,漢堡,40
719,蔬菜類,G,龍鬚菜,40
720,澱粉,J,雞蛋麵,40
721,蔬菜類,G,莓果,40
722,蔬菜類,G,桂竹筍,40
723,調味料,K,壽喜燒醬,40
724,蛋_豆_奶_豆製品類,H,豆花,40
725,海鮮類,F,烏魚子,39
726,蔬菜類,G,杏桃,39
727,蔬菜類,G,大陸妹,39
728,牛肉,A,牛五花肉,39
729,澱粉,J,蕎麥,39
730,蔬菜類,G,娃娃菜,39
731,豬肉,B,豬腱子肉,38
732,海鮮類,F,土魠魚,38
733,海鮮類,F,魚肚,38
734,調味料,K,甘草粉,37
735,其他,L,三明治,37
736,其他,L,蘋果汁,37
737,蔬菜類,G,麻竹筍,37
738,蛋_豆_奶_豆製品類,H,米豆,37
739,其他,L,鹹豬肉,37
740,牛肉,A,牛肚,37
741,澱粉,J,蘇打餅,36
742,海鮮類,F,扇貝,36
743,雞肉,C,雞油,36
744,調味料,K,黃薑粉,36
745,調味料,K,凱薩醬,36
746,蔬菜類,G,荔枝,36
747,海鮮類,F,蝦卵,36
748,其他,L,泡菜汁,36
749,蔬菜類,G,青蘋果,36
750,其他,L,鳳梨汁,36
751,海菜菇蕈中藥,I,藥燉包,35
752,其他,L,蝦餃,35
753,海菜菇蕈中藥,I,黨參,35
754,海菜菇蕈中藥,I,黨參,35
755,調味料,K,清湯,34
756,澱粉,J,粿,34
757,調味料,K,威士忌,34
758,其他,L,牛肉湯,34
759,其他肉類,E,鴨腿,34
760,蔬菜類,G,脆梅,34
761,其他,L,熟蛋,34
762,豬肉,B,豬血,34
763,調味料,K,五味醬,33
764,豬肉,B,肝腸,33
765,海鮮類,F,鮭魚卵,33
766,調味料,K,出汁,33
767,雞肉,C,雞心,33
768,澱粉,J,高梁,33
769,海鮮類,F,魚鬆,33
770,蔬菜類,G,棗子,33
771,調味料,K,菊花,32
772,蔬菜類,G,荷蘭豆,32
773,調味料,K,桂花醬,32
774,調味料,K,調味粉包,32
775,其他,L,檸檬酸,32
776,蔬菜類,G,菱角,32
777,調味料,K,胡麻醬,32
778,調味料,K,蝦夷蔥,32
779,其他,L,脆瓜,32
780,調味料,K,桔醬,32
781,其他,L,鴨賞,31
782,蛋_豆_奶_豆製品類,H,奶酥,31
783,澱粉,J,秈米,31
784,其他,L,百香果汁,31
785,其他,L,關東煮,31
786,調味料,K,蒔蘿,31
787,牛肉,A,腓力牛排,31
788,調味料,K,濃湯粉,31
789,調味料,K,鹽水,31
790,其他,L,肉羹,30
791,海鮮類,F,多利魚,30
792,海鮮類,F,多利魚,30
793,豬肉,B,腰子,30
794,調味料,K,發酵粉,30
795,其他,L,綠豆沙,30
796,豬肉,B,肥豬肉,30
797,調味料,K,寒天粉,30
798,調味料,K,脆酥粉,30
799,海鮮類,F,一夜干,30
800,蔬菜類,G,莓果乾,30
801,雞肉,C,雞絞肉,30
802,其他,L,滷味,29
803,其他,L,雜糧,29
804,豬肉,B,豬耳朵,29
805,其他,L,番茄汁,29
806,其他,L,雞塊,29
807,海鮮類,F,鯊魚,29
808,其他,L,戚風蛋糕,29
809,海鮮類,F,柳葉魚,29
810,蛋_豆_奶_豆製品類,H,鴨蛋,29
811,澱粉,J,披薩皮,28
812,其他肉類,E,田雞,28
813,調味料,K,三杯醬,28
814,蛋_豆_奶_豆製品類,H,亞麻籽,28
815,其他,L,醃肉,28
816,蔬菜類,G,芥藍菜,28
817,澱粉,J,藜麥,28
818,其他肉類,E,鴨頭,28
819,調味料,K,莎莎醬,28
820,蔬菜類,G,箭竹筍,27
821,其他,L,車輪餅,27
822,其他,L,車輪餅,27
823,其他,L,香精,27
824,豬肉,B,子排,27
825,其他,L,雞排,27
826,蔬菜類,G,鹹菜,27
827,蔬菜類,G,蘆薈,27
828,海鮮類,F,鹹魚,26
829,調味料,K,蛋黃醬,26
830,海鮮類,F,魚翅,26
831,蔬菜類,G,花豆,26
832,蛋_豆_奶_豆製品類,H,花豆,26
833,海菜菇蕈中藥,I,猴頭菇,26
834,海鮮類,F,蟹黃,26
835,調味料,K,酒糖液,26
836,澱粉,J,巧克力餅乾,26
837,澱粉,J,黑糯米,26
838,調味料,K,鼠尾草,26
839,其他,L,可麗餅,26
840,蛋_豆_奶_豆製品類,H,豆輪,25
841,其他,L,滷肉,25
842,蔬菜類,G,米椒,25
843,蛋_豆_奶_豆製品類,H,可可豆,25
844,其他,L,果粒,25
845,調味料,K,蒜花,25
846,其他,L,椰子汁,25
847,調味料,K,七葉蘭,24
848,澱粉,J,韓國年糕,24
849,海菜菇蕈中藥,I,髮菜,24
850,海鮮類,F,海蝦,24
851,其他,L,軟糖,24
852,調味料,K,素沙茶醬,24
853,調味料,K,豉油,24
854,澱粉,J,蔬菜麵,24
855,其他,L,寒天,24
856,調味料,K,TABASCO,24
857,海菜菇蕈中藥,I,珊瑚菇,24
858,調味料,K,丁香粉,23
859,蔬菜類,G,豆薯,23
860,海菜菇蕈中藥,I,銀耳,23
861,調味料,K,香草醬,23
862,蛋_豆_奶_豆製品類,H,南瓜籽,23
863,澱粉,J,法國麵粉,23
864,調味料,K,乾蔥頭,23
865,其他,L,大骨湯,23
866,調味料,K,蛋白粉,23
867,豬肉,B,豬蹄筋,23
868,蔬菜類,G,過溝菜,23
869,蔬菜類,G,菜心,23
870,蛋_豆_奶_豆製品類,H,咖啡豆,23
871,其他,L,咖啡豆,23
872,海鮮類,F,魴魚,23
873,蛋_豆_奶_豆製品類,H,白扁豆,23
874,其他,L,泡芙,22
875,其他,L,濃湯塊,22
876,其他,L,大理石片,22
877,豬肉,B,肉丸,22
878,其他,L,拌飯粉,22
879,海鮮類,F,油魚,22
880,海鮮類,F,魚蛋,22
881,雞肉,C,放山雞,22
882,海鮮類,F,蝦泥,22
883,其他,L,蘇梅汁,22
884,蛋_豆_奶_豆製品類,H,無花果,22
885,調味料,K,鬱金香,22
886,澱粉,J,脆片,22
887,海鮮類,F,海蜇皮,22
888,牛肉,A,牛脂,22
889,蛋_豆_奶_豆製品類,H,綜合豆,22
890,蛋_豆_奶_豆製品類,H,奇亞籽,22
891,雞肉,C,春雞,22
892,澱粉,J,粉皮,21
893,調味料,K,蒜蓉醬,21
894,蛋_豆_奶_豆製品類,H,奶球,21
895,蔬菜類,G,水菜,21
896,豬肉,B,白表,21
897,蛋_豆_奶_豆製品類,H,素雞,21
898,其他,L,原味燒餅,21
899,調味料,K,貝禮詩奶酒,21
900,蔬菜類,G,油菜,21
901,蔬菜類,G,柿子,21
902,澱粉,J,米苔目,21
903,其他肉類,E,鵝油,21
904,澱粉,J,芋圓,21
905,蔬菜類,G,楊桃,21
906,豬肉,B,豬尾巴,21
907,其他,L,醃料包,21
908,調味料,K,麵衣,20
909,其他,L,泰式酸辣湯塊,20
910,澱粉,J,中東麵餅,20
911,其他,L,芒果汁,20
912,蛋_豆_奶_豆製品類,H,素香鬆,20
913,蔬菜類,G,柑桔,20
914,海鮮類,F,魚湯,20
915,其他,L,萊姆汁,20
916,海菜菇蕈中藥,I,羅漢果,20
917,其他,L,控肉,20
918,調味料,K,馬蹄粉,20
919,海菜菇蕈中藥,I,茵蔯蒿,20
920,海鮮類,F,烏魚,20
921,澱粉,J,西米露,20
922,其他肉類,E,火雞肉,20
923,調味料,K,綠橄欖,20
924,澱粉,J,寧波年糕,20
925,澱粉,J,紅糯米,19
926,其他,L,洋芋片,19
927,蔬菜類,G,蓮霧,19
928,其他,L,愛玉,19
929,調味料,K,義大利甜醋,19
930,調味料,K,A1醬,19
931,調味料,K,蒜味醬,19
932,海菜菇蕈中藥,I,甘露子,19
933,海菜菇蕈中藥,I,玉竹,19
934,海鮮類,F,鯽魚,19
935,蔬菜類,G,水蓮菜,19
936,海鮮類,F,黑輪,19
937,其他,L,黃色色素,18
938,海鮮類,F,生魚片,18
939,蔬菜類,G,山蘇菜,18
940,調味料,K,片糖,18
941,蔬菜類,G,稜角絲瓜,18
942,調味料,K,海鮮醬,18
943,蔬菜類,G,苜宿芽,18
944,蔬菜類,G,美人心,18
945,其他,L,乾果,18
946,其他,L,冬瓜茶,18
947,澱粉,J,烤麩,18
948,海鮮類,F,魚醬,18
949,蛋_豆_奶_豆製品類,H,亞麻子,18
950,海鮮類,F,魚下巴,18
951,海鮮類,F,帶魚,18
952,海鮮類,F,鰱魚,18
953,其他,L,鬆餅,18
954,牛肉,A,牛肝,18
955,其他,L,椰絲,18
956,調味料,K,葡萄醋,18
957,其他,L,豬皮凍,17
958,雞肉,C,雞肝,17
959,海鮮類,F,魚頭,17
960,蛋_豆_奶_豆製品類,H,蛋絲,17
961,蔬菜類,G,紫萵苣,17
962,其他,L,天婦羅,17
963,豬肉,B,豬心,17
964,調味料,K,沙嗲醬,17
965,其他,L,烤雞,17
966,調味料,K,玫瑰露,17
967,調味料,K,酵素,17
968,其他,L,香筍,17
969,其他,L,葡萄柚汁,17
970,調味料,K,氣泡酒,17
971,調味料,K,烹大師堅魚風味,17
972,蔬菜類,G,棗泥,17
973,其他,L,山楂,17
974,其他,L,茶汁,16
975,調味料,K,綿白糖,16
976,海鮮類,F,帝王蟹,16
977,蛋_豆_奶_豆製品類,H,瑞可達起司,16
978,其他肉類,E,鵝肉,16
979,調味料,K,和風碳烤粉,16
980,蛋_豆_奶_豆製品類,H,蓮茸,16
981,豬肉,B,嘴邊肉,16
982,蔬菜類,G,李子,16
983,調味料,K,伏特加,16
984,海鮮類,F,魷魚絲,16
985,蔬菜類,G,桔皮,16
986,海菜菇蕈中藥,I,海珊瑚,16
987,調味料,K,梅醋,16
988,調味料,K,塔塔醬,16
989,蔬菜類,G,芥菜,16
990,海菜菇蕈中藥,I,菌菇,16
991,調味料,K,印度香料,16
992,調味料,K,酸辣湯塊,16
993,其他,L,酸辣湯塊,16
994,澱粉,J,土司邊,16
995,其他,L,肉排,16
996,其他,L,醃漬梅,15
997,其他,L,紅豆湯,15
998,海鮮類,F,三點蟹,15
999,其他,L,飯團,15
1000,海菜菇蕈中藥,I,杜仲,15
1001,海菜菇蕈中藥,I,當歸,15
1002,其他,L,排骨湯塊,15
1003,蛋_豆_奶_豆製品類,H,干絲,15
1004,蔬菜類,G,紅鳳菜,15
1005,其他,L,膳纖熟飯,15
1006,蔬菜類,G,甜桃,15
1007,調味料,K,黑醬,15
1008,其他,L,大亨堡,15
1009,海菜菇蕈中藥,I,茯苓,15
1010,澱粉,J,餐包,15
1011,牛肉,A,牛雜,15
1012,蛋_豆_奶_豆製品類,H,香草籽,15
1013,蔬菜類,G,芒果乾,14
1014,調味料,K,蘿蔔葉,14
1015,雞肉,C,雞蓉,14
1016,其他,L,柿餅,14
1017,海鮮類,F,海鱺,14
1018,調味料,K,蔗糖,14
1019,澱粉,J,刀削麵,14
1020,澱粉,J,胚芽米,14
1021,調味料,K,櫻花,14
1022,調味料,K,櫻花,14
1023,其他,L,杏仁露,14
1024,蔬菜類,G,烏梅,14
1025,澱粉,J,麥芽精,14
1026,海菜菇蕈中藥,I,九尾草,14
1027,澱粉,J,寬冬粉,14
1028,豬肉,B,豬小腸,14
1029,調味料,K,蝦油,14
1030,其他,L,飲氧品,14
1031,其他,L,燒鴨,14
1032,其他,L,綜合丸,14
1033,其他,L,包子,14
1034,調味料,K,肉汁,14
1035,蔬菜類,G,佛手瓜,14
1036,蔬菜類,G,綠捲鬚,14
1037,其他,L,果凍,14
1038,海鮮類,F,鱔魚,14
1039,澱粉,J,葛粉,14
1040,調味料,K,雞醬,14
1041,牛肉,A,牛里肌,14
1042,其他,L,厚蛋燒,14
1043,其他,L,花瓣,14
1044,其他,L,滷牛腱,14
1045,其他,L,酸辣湯包,14
1046,調味料,K,馬告,13
1047,海菜菇蕈中藥,I,四物藥包,13
1048,蔬菜類,G,藍苺,13
1049,其他,L,石榴汁,13
1050,海鮮類,F,伍仔魚,13
1051,其他,L,糖花,13
1052,調味料,K,墨魚醬,13
1053,豬肉,B,豬舌,13
1054,澱粉,J,雞絲麵,13
1055,澱粉,J,雞絲麵,13
1056,海菜菇蕈中藥,I,何首烏,13
1057,蔬菜類,G,紅醋栗,13
1058,海鮮類,F,魚骨,13
1059,蛋_豆_奶_豆製品類,H,羅勒子,13
1060,蔬菜類,G,甜豌豆,13
1061,蔬菜類,G,香瓜,13
1062,調味料,K,魚子醬,13
1063,調味料,K,酸甜醬,13
1064,澱粉,J,韓式煎餅粉,13
1065,蔬菜類,G,醋栗,13
1066,蛋_豆_奶_豆製品類,H,芡實,13
1067,其他,L,阿摩尼亞,13
1068,澱粉,J,地瓜圓,13
1069,其他,L,燒肉,13
1070,其他,L,可頌,12
1071,其他,L,鵝肝醬,12
1072,豬肉,B,龍骨,12
1073,豬肉,B,洋火腿,12
1074,海鮮類,F,鯉魚,12
1075,其他肉類,E,鴨肉條,12
1076,其他,L,薯條,12
1077,蔬菜類,G,芽菜,12
1078,其他,L,胡蘿蔔汁,12
1079,海菜菇蕈中藥,I,牛肝菌,12
1080,蔬菜類,G,深綠色蔬菜,12
1081,澱粉,J,鍋粑,12
1082,澱粉,J,夾心餅乾,12
1083,蛋_豆_奶_豆製品類,H,羊起司,12
1084,牛肉,A,牛尾,12
1085,澱粉,J,麵疙瘩,12
1086,其他,L,雞酒,12
1087,調味料,K,西式香料,12
1088,調味料,K,宮保醬,12
1089,調味料,K,大阪燒醬汁,12
1090,其他,L,抓餅,12
1091,調味料,K,龍舌蘭蜜,12
1092,牛肉,A,牛後腿肉,12
1093,其他肉類,E,鴨翅膀,12
1094,調味料,K,發糕粉,12
1095,澱粉,J,素麵,12
1096,澱粉,J,黑麥,12
1097,其他,L,蛤蜊湯塊,12
1098,海菜菇蕈中藥,I,綠藻,12
1099,羊,D,羊腩,12
1100,澱粉,J,米紙,12
1101,調味料,K,蛋黃粉,12
1102,海鮮類,F,大閘蟹,12
1103,其他,L,薯餅,12
1104,調味料,K,香辣粉,12
1105,其他,L,豆子,11
1106,海鮮類,F,車蝦,11
1107,其他肉類,E,田螺,11
1108,其他肉類,E,鴨腸,11
1109,調味料,K,打拋醬,11
1110,調味料,K,金銀花,11
1111,海鮮類,F,魷魚乾,11
1112,澱粉,J,紫糯米,11
1113,調味料,K,嫩肉粉,11
1114,調味料,K,蜜漬橙皮丁,11
1115,調味料,K,豆花粉,11
1116,牛肉,A,肋眼牛排,11
1117,其他,L,脆迪酥,11
1118,澱粉,J,胚芽米飯,11
1119,牛肉,A,牛心,11
1120,海鮮類,F,魷魚嘴,11
1121,其他,L,金桔汁,11
1122,調味料,K,韭蔥,11
1123,調味料,K,芡水,11
1124,蛋_豆_奶_豆製品類,H,皮絲,11
1125,海菜菇蕈中藥,I,仙楂,11
1126,調味料,K,竹炭粉,11
1127,調味料,K,蒸肉粉,11
1128,其他,L,Q梅,11
1129,牛肉,A,牛肩肉,11
1130,其他,L,四神湯,11
1131,調味料,K,椰子粉,11
1132,調味料,K,紅醋,11
1133,澱粉,J,珍珠米,11
1134,海鮮類,F,蝦殼,10
1135,豬肉,B,胛心排,10
1136,其他肉類,E,象牙鳳螺,10
1137,蔬菜類,G,香菜根,10
1138,調味料,K,串燒醬,10
1139,蔬菜類,G,青龍辣椒,10
1140,海鮮類,F,蝦頭,10
1141,其他,L,白斬雞,10
1142,其他,L,牛奶糖,10
1143,海菜菇蕈中藥,I,巴西蘑菇,10
1144,調味料,K,柱侯醬,10
1145,澱粉,J,潤餅皮,10
1146,海菜菇蕈中藥,I,天山華翠菇,10
1147,其他,L,蜜之果,10
1148,蛋_豆_奶_豆製品類,H,酪漿,10
1149,其他,L,大豆卵磷脂,10
1150,海鮮類,F,海膽,10
1151,調味料,K,味增醬,10
1152,澱粉,J,發芽米,10
1153,蔬菜類,G,芝麻菜,10
1154,其他肉類,E,鴨胗,10
1155,蛋_豆_奶_豆製品類,H,納豆,10
1156,調味料,K,琴酒,10
1157,豬肉,B,豬腸,10
1158,其他,L,乾瓢,10
1159,調味料,K,雞汁,10
1160,牛肉,A,雪花牛肉,10
1161,蛋_豆_奶_豆製品類,H,奶泡,10
1162,其他,L,玉子燒,10
1163,調味料,K,百草粉,10
1164,蛋_豆_奶_豆製品類,H,蘭花干,10
1165,澱粉,J,米線,10
1166,其他,L,彩色糖珠,10
1167,海鮮類,F,翻車魚,10
1168,澱粉,J,雞蛋糕粉,10
1169,調味料,K,滷水,10
1170,蔬菜類,G,落葵,10
1171,其他,L,橘子汁,10
1172,海鮮類,F,蝦丸,10
1173,澱粉,J,糯米紙,9
1174,其他,L,綠豆粉,9
1175,其他,L,金粉,9
1176,其他,L,針菇罐頭,9
1177,海鮮類,F,鬼頭刀,9
1178,蔬菜類,G,半天筍,9
1179,海鮮類,F,紅魚,9
1180,蛋_豆_奶_豆製品類,H,愛玉子,9
1181,蛋_豆_奶_豆製品類,H,素肚,9
1182,蛋_豆_奶_豆製品類,H,紅扁豆,9
1183,其他,L,拌飯料,9
1184,其他,L,羊肉爐,9
1185,調味料,K,白蒜,9
1186,豬肉,B,起司腸,9
1187,調味料,K,紅露酒,9
1188,蛋_豆_奶_豆製品類,H,決明子,9
1189,海菜菇蕈中藥,I,珍珠菇,9
1190,牛肉,A,紐約克牛排,9
1191,其他,L,桔餅,9
1192,蔬菜類,G,情人果,9
1193,蔬菜類,G,西葫蘆,9
1194,蔬菜類,G,石蓮花,9
1195,其他,L,酸豆角,9
1196,海鮮類,F,馬頭魚,9
1197,海菜菇蕈中藥,I,白雪菇,9
1198,其他,L,紅燒湯底,9
1199,其他,L,抹茶餡,9
1200,海鮮類,F,軟殼蟹,9
1201,調味料,K,胡蘿蔔花,9
1202,調味料,K,辣椒水,9
1203,調味料,K,氣泡水,9
1204,蛋_豆_奶_豆製品類,H,保久乳,9
1205,其他,L,炸魚,9
1206,其他,L,八寶粥,9
1207,澱粉,J,紅麴米,9
1208,海鮮類,F,白魚,9
1209,其他,L,腸衣,9
1210,海鮮類,F,魚酥,9
1211,海鮮類,F,刺鯧,9
1212,海菜菇蕈中藥,I,松茸菇,9
1213,蔬菜類,G,土芹菜,9
1214,其他,L,茉莉,9
1215,澱粉,J,薏米,9
1216,澱粉,J,新竹米粉,9
1217,蔬菜類,G,苦苣,9
1218,蔬菜類,G,茶梅,9
1219,蔬菜類,G,水果罐頭,9
1220,海鮮類,F,銀魚,9
1221,海鮮類,F,魚粉,9
1222,海菜菇蕈中藥,I,花旗蔘,9
1223,其他,L,茶葉蛋,9
1224,其他,L,千層派,8
1225,雞肉,C,雞腸,8
1226,調味料,K,粉漿,8
1227,海鮮類,F,蝦漿,8
1228,其他,L,柚子茶,8
1229,其他肉類,E,鴨腳,8
1230,蔬菜類,G,鵲豆,8
1231,其他,L,煎餅,8
1232,海鮮類,F,竹莢魚,8
1233,其他肉類,E,鵝胸肉,8
1234,其他,L,剩菜,8
1235,澱粉,J,古斯米,8
1236,其他肉類,E,鴨舌頭,8
1237,其他,L,刈包,8
1238,調味料,K,魚香醬,8
1239,其他,L,銀粉,8
1240,調味料,K,辣拌醬,8
1241,其他,L,蔬果粉,8
1242,其他,L,食用鹼,8
1243,蔬菜類,G,日本南瓜,8
1244,其他,L,椰果,8
1245,其他,L,烤鴨片,8
1246,海菜菇蕈中藥,I,靈芝,8
1247,海菜菇蕈中藥,I,靈芝,8
1248,其他,L,花生糖,8
1249,澱粉,J,彩米,8
1250,蔬菜類,G,打拋葉,8
1251,其他,L,章魚燒,8
1252,海菜菇蕈中藥,I,紅藻,8
1253,其他,L,沙拉米,8
1254,其他,L,沙拉米,8
1255,其他,L,桂花釀茶包,8
1256,其他,L,棉花糖,8
1257,牛肉,A,牛肉丸子,8
1258,海鮮類,F,冰魚,8
1259,澱粉,J,燒賣皮,8
1260,雞肉,C,半雞,8
1261,其他,L,滷元蹄,8
1262,其他,L,醬料包,8
1263,其他,L,藥燉排骨湯,8
1264,蔬菜類,G,青花椰苗,8
1265,雞肉,C,雞皮,8
1266,澱粉,J,米漿,8
1267,調味料,K,BB醬,8
1268,海鮮類,F,竹筴魚,8
1269,調味料,K,墨西哥香料,8
1270,其他,L,水晶餃,8
1271,其他,L,甘蔗汁,8
1272,其他,L,葡萄汁,8
1273,澱粉,J,庫司庫司,8
1274,海菜菇蕈中藥,I,十全藥包,8
1275,澱粉,J,元宵,8
1276,澱粉,J,紅薏仁,8
1277,豬肉,B,午餐肉,8
1278,調味料,K,杭菊,8
1279,蔬菜類,G,貝芽菜,8
1280,蛋_豆_奶_豆製品類,H,千張,7
1281,其他,L,冰梅,7
1282,蛋_豆_奶_豆製品類,H,豆棗,7
1283,海鮮類,F,溪蝦,7
1284,其他,L,蛋餅,7
1285,澱粉,J,科學麵,7
1286,海鮮類,F,紅目鰱,7
1287,調味料,K,黑豆瓣醬,7
1288,調味料,K,蘇打水,7
1289,調味料,K,燒酒,7
1290,海菜菇蕈中藥,I,茅根,7
1291,澱粉,J,穀粉,7
1292,其他,L,炒蛋,7
1293,澱粉,J,大麥仁,7
1294,調味料,K,桑葉,7
1295,其他,L,桑葉,7
1296,其他,L,蔬菜粉,7
1297,蔬菜類,G,龍葵,7
1298,蔬菜類,G,榴槤,7
1299,海菜菇蕈中藥,I,冬蟲夏草,7
1300,調味料,K,客家豆醬,7
1301,其他,L,烤肉片,7
1302,海鮮類,F,熟蝦,7
1303,蔬菜類,G,紅腰豆,7
1304,蛋_豆_奶_豆製品類,H,紅腰豆,7
1305,調味料,K,油包,7
1306,海菜菇蕈中藥,I,珠貝,7
1307,海菜菇蕈中藥,I,白芍,7
1308,牛肉,A,牛舌,7
1309,海鮮類,F,魚乾,7
1310,澱粉,J,米果,7
1311,蔬菜類,G,加州李,7
1312,其他,L,鮮美鍋汁,7
1313,澱粉,J,小薏仁,7
1314,調味料,K,蜜汁醬,7
1315,蔬菜類,G,日本油菜,7
1316,海菜菇蕈中藥,I,烏蔘,7
1317,調味料,K,豆酥醬,7
1318,蔬菜類,G,豆瓣菜,7
1319,其他,L,班尼迪克蛋,7
1320,蔬菜類,G,萊豆,7
1321,其他肉類,E,鵝肝,7
1322,調味料,K,杏桃醬,7
1323,調味料,K,肝醬,7
1324,牛肉,A,肩胛小排,7
1325,調味料,K,蝦粉,7
1326,其他,L,米香,7
1327,調味料,K,油蔥萬用醬,6
1328,其他,L,雞米花,6
1329,其他,L,美味濃湯,6
1330,蔬菜類,G,班蘭葉,6
1331,海菜菇蕈中藥,I,鈕扣菇,6
1332,豬肉,B,豬肉塊,6
1333,調味料,K,餅乾粉,6
1334,蛋_豆_奶_豆製品類,H,鴿蛋,6
1335,其他,L,茄汁炒飯,6
1336,其他,L,肉塊,6
1337,澱粉,J,圓餅,6
1338,調味料,K,方糖,6
1339,其他,L,蝦湯,6
1340,海鮮類,F,魚柳,6
1341,調味料,K,玉米油,6
1342,海菜菇蕈中藥,I,金茸,6
1343,調味料,K,香蕉葉,6
1344,蛋_豆_奶_豆製品類,H,配方奶,6
1345,其他,L,泡菜鍋,6
1346,其他,L,銅鑼燒,6
1347,其他,L,燻肉,6
1348,其他,L,雞卷,6
1349,調味料,K,蕺菜,6
1350,海菜菇蕈中藥,I,香菇頭,6
1351,調味料,K,鹽焗雞香料粉,6
1352,海菜菇蕈中藥,I,川七,6
1353,海鮮類,F,紅甘魚,6
1354,調味料,K,奶香粉,6
1355,調味料,K,甘梅,6
1356,其他,L,豚骨湯塊,6
1357,調味料,K,天婦羅沾醬,6
1358,澱粉,J,墨西哥餅皮,6
1359,調味料,K,豉汁,6
1360,蔬菜類,G,蛇瓜,6
1361,蛋_豆_奶_豆製品類,H,白乳酪,6
1362,蔬菜類,G,糖漬橙片,6
1363,蛋_豆_奶_豆製品類,H,糖心蛋,6
1364,其他,L,蛋塔,6
1365,蔬菜類,G,楊莓,6
1366,其他,L,肉捲,6
1367,其他,L,甜甜圈,6
1368,蛋_豆_奶_豆製品類,H,芝麻豆腐,6
1369,調味料,K,海膽醬,6
1370,調味料,K,咖喱醬,6
1371,調味料,K,馬鞭草,6
1372,其他,L,馬鞭草,6
1373,調味料,K,鮮味粉,6
1374,其他,L,冷泡茶,6
1375,海鮮類,F,鳴戶卷,6
1376,蔬菜類,G,白菜心,6
1377,其他,L,蝦餅,6
1378,調味料,K,甜菊,6
1379,調味料,K,蜂蜜水,6
1380,其他,L,蜂蜜水,6
1381,其他,L,甜筒,6
1382,其他,L,竹小町,6
1383,澱粉,J,燉飯米,6
1384,其他,L,蛋殼,6
1385,其他,L,乳酸菌粉,6
1386,澱粉,J,雜糧麵包,6
1387,蛋_豆_奶_豆製品類,H,格呂耶爾起司,6
1388,蛋_豆_奶_豆製品類,H,豆枝,6
1389,調味料,K,紅花,5
1390,其他,L,黑糖塊,5
1391,其他,L,薯泥,5
1392,海菜菇蕈中藥,I,珍菇,5
1393,澱粉,J,中式麵餅,5
1394,調味料,K,白蔭油,5
1395,其他,L,紅燒肉,5
1396,蔬菜類,G,羽衣甘藍,5
1397,其他,L,蔬菜汁,5
1398,海鮮類,F,海鰻,5
1399,澱粉,J,威化餅乾,5
1400,豬肉,B,生腸,5
1401,其他肉類,E,鵝掌,5
1402,調味料,K,龍舌蘭酒,5
1403,其他,L,櫻桃汁,5
1404,調味料,K,鹼水,5
1405,調味料,K,葡萄糖漿,5
1406,調味料,K,紫羅蘭粉,5
1407,其他,L,新北市健康三寶,5
1408,海菜菇蕈中藥,I,西洋參,5
1409,調味料,K,咖哩葉,5
1410,海鮮類,F,沙丁魚,5
1411,調味料,K,桂花糖,5
1412,其他,L,燒酒雞藥包,5
1413,調味料,K,蒜香黑糊椒醬,5
1414,海菜菇蕈中藥,I,沙蔘,5
1415,其他,L,花茶包,5
1416,其他,L,臻果巧可力醬,5
1417,海鮮類,F,紅條魚,5
1418,其他,L,海燕窩,5
1419,調味料,K,葡萄糖,5
1420,其他,L,蜜桃汁,5
1421,調味料,K,刺蔥粉,5
1422,海鮮類,F,膏蟹,5
1423,澱粉,J,玉米餅,5
1424,調味料,K,燒雞醬,5
1425,調味料,K,蘋果醬,5
1426,海菜菇蕈中藥,I,黃金菇,5
1427,海菜菇蕈中藥,I,黃金菇,5
1428,其他,L,滷湯,5
1429,雞肉,C,雞屁股,5
1430,蔬菜類,G,菜薊,5
1431,海鮮類,F,鱈寶,5
1432,其他,L,蔬菜湯,5
1433,羊,D,羊里肌肉,5
1434,其他,L,潛水艇堡,5
1435,調味料,K,檸檬酪,5
1436,蔬菜類,G,翡翠椒,5
1437,調味料,K,木瓜粉,5
1438,豬肉,B,豬軟骨排,5
1439,其他,L,肉干,5
1440,調味料,K,蘋果酒,5
1441,其他,L,烏梅汁,5
1442,其他肉類,E,螺,5
1443,蔬菜類,G,艾草,5
1444,其他,L,甘納許,5
1445,蔬菜類,G,綠金針,5
1446,調味料,K,纖維粉,5
1447,其他,L,纖維粉,5
1448,其他肉類,E,鴨腿肉,5
1449,雞肉,C,雞睪丸,5
1450,海鮮類,F,魚油,5
1451,調味料,K,法式香料,5
1452,澱粉,J,糯米飯,5
1453,海菜菇蕈中藥,I,川貝,5
1454,海菜菇蕈中藥,I,芫荽子,5
1455,蔬菜類,G,孟宗竹筍,5
1456,雞肉,C,珠雞,5
1457,海鮮類,F,蘭花蚌,5
1458,澱粉,J,牧師米,5
1459,其他,L,地瓜片,5
1460,蔬菜類,G,油菜花,5
1461,海菜菇蕈中藥,I,真姬菇,5
1462,調味料,K,蛋奶醬,5
1463,其他,L,油飯,5
1464,調味料,K,蒜蓉蔥油膏,5
1465,調味料,K,醃味料,5
1466,其他,L,普洱茶,5
1467,調味料,K,雪蓮,5
1468,其他,L,冰磚,5
1469,其他,L,黑莓,4
1470,調味料,K,白酒麴,4
1471,調味料,K,春捲醬,4
1472,海鮮類,F,土虱魚,4
1473,豬肉,B,膨皮,4
1474,澱粉,J,粽,4
1475,其他,L,清湯底,4
1476,海菜菇蕈中藥,I,舞茸,4
1477,調味料,K,橘子醬,4
1478,調味料,K,年糕醬,4
1479,澱粉,J,米糕,4
1480,調味料,K,海鮮塊,4
1481,海菜菇蕈中藥,I,鼠麴,4
1482,其他,L,烤雞腿,4
1483,其他,L,南非國寶茶,4
1484,其他,L,煎餃,4
1485,海菜菇蕈中藥,I,天麻,4
1486,海菜菇蕈中藥,I,天麻,4
1487,調味料,K,莓果粉,4
1488,其他,L,炸大蝦,4
1489,蔬菜類,G,水茄,4
1490,其他,L,碳酸氫銨,4
1491,海菜菇蕈中藥,I,白芷,4
1492,蔬菜類,G,紅毛丹,4
1493,豬肉,B,西班牙辣腸,4
1494,調味料,K,糖鹽,4
1495,其他,L,鍋餅,4
1496,調味料,K,甘梅粉,4
1497,其他,L,奶油湯,4
1498,其他,L,五榖粒,4
1499,羊,D,羊大骨,4
1500,蔬菜類,G,蚵仔白菜,4
1501,海鮮類,F,豆仔魚,4
1502,調味料,K,刺柏,4
1503,蛋_豆_奶_豆製品類,H,濃縮奶,4
1504,調味料,K,怪味醬,4
1505,澱粉,J,穀粒,4
1506,海菜菇蕈中藥,I,壽喜菇,4
1507,調味料,K,椰纖粉,4
1508,其他,L,醬菜,4
1509,蛋_豆_奶_豆製品類,H,蜜豆,4
1510,其他,L,破布子湯汁,4
1511,調味料,K,泡椒,4
1512,其他,L,桑葚汁,4
1513,其他,L,滿福堡,4
1514,其他,L,酸梅湯,4
1515,其他,L,脆餅,4
1516,蔬菜類,G,紹興梅,4
1517,蔬菜類,G,海蘆筍,4
1518,其他,L,硫酸鋁納,4
1519,蛋_豆_奶_豆製品類,H,茅屋起司,4
1520,蛋_豆_奶_豆製品類,H,破布籽,4
1521,澱粉,J,麻吉皮,4
1522,調味料,K,蒜味粉,4
1523,其他,L,海鮮濃湯,4
1524,其他,L,津白,4
1525,其他,L,布朗尼,4
1526,其他,L,布朗尼,4
1527,澱粉,J,麥芽糖,4
1528,其他,L,粉紅色著色劑,4
1529,其他肉類,E,鴨肝,4
1530,澱粉,J,糕仔粉,4
1531,調味料,K,糕仔粉,4
1532,調味料,K,茉莉花,4
1533,調味料,K,英國伍斯塔醬,4
1534,蛋_豆_奶_豆製品類,H,樹豆,4
1535,蔬菜類,G,寶塔花菜,4
1536,調味料,K,蕃紅花粉,4
1537,調味料,K,浙醋,4
1538,澱粉,J,銅鑼燒粉,4
1539,調味料,K,酒麴,4
1540,蔬菜類,G,葫蘆,4
1541,海菜菇蕈中藥,I,青杞,4
1542,其他,L,蛋炒飯,4
1543,其他,L,石膏粉,4
1544,澱粉,J,甜塔皮,4
1545,蔬菜類,G,醬筍,4
1546,其他肉類,E,蠑螺,4
1547,調味料,K,洛神醬,4
1548,澱粉,J,麥片,4
1549,海鮮類,F,白北魚,4
1550,其他,L,巧克力糖,4
1551,蛋_豆_奶_豆製品類,H,莫佐瑞拉起司,4
1552,海鮮類,F,蚌殼,4
1553,調味料,K,蒲公英,4
1554,豬肉,B,粉腸,4
1555,海菜菇蕈中藥,I,小黃皮,4
1556,澱粉,J,小黃皮,4
1557,羊,D,羊腿,4
1558,羊,D,羊腱,4
1559,調味料,K,蛇舌草,4
1560,豬肉,B,鹹肉,4
1561,蛋_豆_奶_豆製品類,H,蝶豆藍花,4
1562,蔬菜類,G,芋莖,4
1563,蛋_豆_奶_豆製品類,H,丹貝,4
1564,海鮮類,F,鱉,4
1565,調味料,K,紅燒汁,4
1566,海鮮類,F,蝦排,4
1567,海菜菇蕈中藥,I,白靈菇,4
1568,其他,L,酸辣羹湯,4
1569,調味料,K,韓國大醬,4
1570,其他,L,北耆,4
1571,牛肉,A,牛肉火腿,4
1572,調味料,K,乾燒醬,4
1573,調味料,K,代糖,4
1574,調味料,K,甘醋,4
1575,蛋_豆_奶_豆製品類,H,混合生豆,4
1576,調味料,K,洋甘菊,4
1577,調味料,K,依士粉,4
1578,其他,L,瓜子,4
1579,蔬菜類,G,椰棗,4
1580,其他,L,燒賣,4
1581,海鮮類,F,小黃魚,4
1582,調味料,K,抹茶醬,4
1583,其他,L,英式馬芬,4
1584,豬肉,B,肝連肉,4
1585,澱粉,J,趖,4
1586,蛋_豆_奶_豆製品類,H,素豆腸,4
1587,其他,L,燒雞,3
1588,澱粉,J,冰皮粉,3
1589,其他,L,檸檬茶,3
1590,其他,L,鹽滷石膏,3
1591,其他,L,三絲丸,3
1592,其他,L,葉綠素,3
1593,調味料,K,辣根,3
1594,澱粉,J,巧巴達,3
1595,海菜菇蕈中藥,I,世蒲鉾,3
1596,其他,L,月餅,3
1597,蔬菜類,G,蛋黃果,3
1598,其他,L,印度Q餅,3
1599,蔬菜類,G,甘藍芽,3
1600,海鮮類,F,蝦球,3
1601,其他,L,輕煮汁,3
1602,調味料,K,桂花香料,3
1603,其他,L,肚片,3
1604,蛋_豆_奶_豆製品類,H,山核桃,3
1605,其他,L,生菜沙拉葉,3
1606,海菜菇蕈中藥,I,月桃葉,3
1607,海鮮類,F,鱈場蟹,3
1608,其他,L,烤餅,3
1609,調味料,K,薄荷糖漿,3
1610,調味料,K,筍醬,3
1611,澱粉,J,蛋捲糊,3
1612,海菜菇蕈中藥,I,黃花蜜菜,3
1613,其他,L,麥茶,3
1614,調味料,K,荷蘭醬,3
1615,其他,L,夏枯草,3
1616,其他,L,咸豐草,3
1617,海菜菇蕈中藥,I,桔梗,3
1618,蛋_豆_奶_豆製品類,H,雜豆,3
1619,調味料,K,龍蒿,3
1620,蛋_豆_奶_豆製品類,H,法式酸奶,3
1621,蔬菜類,G,枇杷,3
1622,其他,L,香草雞,3
1623,其他,L,藥燉湯底,3
1624,蔬菜類,G,角椒,3
1625,海菜菇蕈中藥,I,益母草,3
1626,調味料,K,蓮花,3
1627,蛋_豆_奶_豆製品類,H,百頁結,3
1628,其他肉類,E,鴨脖子,3
1629,其他,L,便當,3
1630,海菜菇蕈中藥,I,甘拿許,3
1631,海鮮類,F,寶石魚,3
1632,其他,L,蔥蛋,3
1633,其他,L,蘆筍汁,3
1634,其他,L,蔘茶包,3
1635,蛋_豆_奶_豆製品類,H,雞蛋粉,3
1636,其他,L,壽喜醬,3
1637,蛋_豆_奶_豆製品類,H,澎大海,3
1638,調味料,K,大醬,3
1639,其他,L,馬卡龍餅,3
1640,調味料,K,冬陰功,3
1641,其他肉類,E,鴨柳,3
1642,海鮮類,F,鱘龍魚,3
1643,其他,L,茉莉花茶,3
1644,其他,L,芡汁,3
1645,其他,L,可樂果,3
1646,澱粉,J,粉心粉,3
1647,其他,L,蝦捲,3
1648,調味料,K,卡非醬,3
1649,海菜菇蕈中藥,I,八珍中藥包,3
1650,調味料,K,提拉米蘇慕斯粉,3
1651,其他,L,素獅子頭,3
1652,海菜菇蕈中藥,I,三七,3
1653,調味料,K,乾酪粉,3
1654,調味料,K,蠔醬,3
1655,豬肉,B,豬脆管,3
1656,其他,L,素丸子,3
1657,豬肉,B,義式肉腸,3
1658,其他,L,蛤蜊湯,3
1659,澱粉,J,麵片,3
1660,澱粉,J,埔里米粉,3
1661,其他,L,鹽蛋,3
1662,其他,L,馬芬堡,3
1663,調味料,K,蕃茄沙司,3
1664,海菜菇蕈中藥,I,金線蓮,3
1665,其他,L,南瓜皮,3
1666,海鮮類,F,黃雞魚,3
1667,其他,L,玫瑰花茶,3
1668,其他,L,法式黃金清湯,3
1669,其他,L,蛋鬆,3
1670,澱粉,J,黃米,3
1671,調味料,K,明太子醬,3
1672,蛋_豆_奶_豆製品類,H,蒜花生碎,3
1673,調味料,K,啤酒酵母,3
1674,調味料,K,麻婆豆腐淋醬,3
1675,蛋_豆_奶_豆製品類,H,藍起司,3
1676,其他肉類,E,鵪鶉,3
1677,其他,L,葉子,3
1678,調味料,K,叻沙醬,3
1679,澱粉,J,銀絲卷,3
1680,其他肉類,E,鵝腿肉,3
1681,蔬菜類,G,香柚皮,3
1682,其他,L,綠色色素,3
1683,其他,L,醬油飯,3
1684,其他,L,大紅袍,3
1685,蔬菜類,G,甜桃果泥,3
1686,海菜菇蕈中藥,I,芍藥,3
1687,蔬菜類,G,紅葉萵苣,3
1688,海菜菇蕈中藥,I,荊芥,3
1689,調味料,K,慕斯粉,3
1690,調味料,K,白豆醬,3
1691,澱粉,J,豆簽,3
1692,蔬菜類,G,扁尖筍,3
1693,其他,L,雞湯罐頭,3
1694,調味料,K,金平醬,3
1695,調味料,K,白拌醬,3
1696,海菜菇蕈中藥,I,牛膝,3
1697,海菜菇蕈中藥,I,板藍根,3
1698,蛋_豆_奶_豆製品類,H,帕達諾起司,3
1699,海菜菇蕈中藥,I,蘆根,3
1700,調味料,K,海鮮粉,3
1701,調味料,K,馬郁蘭,3
1702,海鮮類,F,鰤魚,3
1703,海菜菇蕈中藥,I,罌粟籽,3
1704,其他,L,亞達子,3
1705,海鮮類,F,龍利魚,3
1706,調味料,K,克林姆餡,3
1707,調味料,K,酸橙醋,3
1708,海菜菇蕈中藥,I,地黃,3
1709,其他,L,飯友,3
1710,其他,L,綠豆湯,3
1711,其他,L,發糕,3
1712,其他,L,發糕,3
1713,其他,L,苦精,3
1714,海鮮類,F,鰈魚,3
1715,澱粉,J,麥麩,3
1716,其他,L,麥門冬,3
1717,蔬菜類,G,調味蔬菜,3
1718,其他,L,涼筍,3
1719,其他,L,獅子頭,3
1720,其他,L,獅子頭,3
1721,牛肉,A,板腱肉,3
1722,調味料,K,南乳汁,3
1723,調味料,K,罌粟籽粉,3
1724,澱粉,J,麥角,3
1725,其他,L,紅燒茄汁湯,3
1726,牛肉,A,牛臀肉,3
1727,其他,L,荔枝汁,3
1728,其他,L,濃縮乳酸飲料,3
1729,羊,D,小羔羊排,3
1730,調味料,K,酸枳醬,3
1731,調味料,K,麻婆醬,3
1732,調味料,K,香糟露,3
1733,調味料,K,烤鴨醬,3
1734,其他,L,燻雞片,3
1735,調味料,K,紅趜醬,3
1736,調味料,K,醃肉調味粉,3
1737,其他,L,蔬菜素凍,3
1738,海菜菇蕈中藥,I,藥燉排骨藥包,3
1739,其他,L,中藥酒汁,3
1740,其他,L,蒜水,3
1741,蔬菜類,G,紅捲鬚,3
1742,澱粉,J,白玉粉,3
1743,其他肉類,E,鵝腸,3
1744,其他,L,紅燒扣肉,3
1745,其他,L,素鰻,3
1746,調味料,K,親子丼醬,3
1747,海鮮類,F,金線魚,3
1748,澱粉,J,爆米花玉米,3
1749,其他,L,大餅,3
1750,海鮮類,F,鱒魚,3
1751,海鮮類,F,赤宗魚,3
1752,海鮮類,F,四破魚,3
1753,海鮮類,F,魚雜,3
1754,蛋_豆_奶_豆製品類,H,素腰花,3
1755,調味料,K,肯瓊粉,3
1756,其他,L,凸皮麵,3
1757,其他,L,紫菜湯包,3
1758,其他,L,丹麥小西餅,2
1759,其他,L,丹麥小西餅,2
1760,海鮮類,F,金眼鯛,2
1761,其他,L,攤餅,2
1762,其他,L,普羅旺斯燉菜,2
1763,雞肉,C,雞血,2
1764,其他,L,芋角,2
1765,其他,L,含片,2
1766,其他,L,義大利餃,2
1767,其他,L,爆米花,2
1768,海鮮類,F,蝦肉丁,2
1769,調味料,K,馬祖老酒,2
1770,其他,L,紫米粥,2
1771,海菜菇蕈中藥,I,蚌蘭,2
1772,其他,L,滷牛筋,2
1773,調味料,K,紅蒲鉾,2
1774,蔬菜類,G,黃桃,2
1775,其他,L,瑞士捲,2
1776,海菜菇蕈中藥,I,青粉,2
1777,其他,L,醃漬破朴子,2
1778,其他,L,楊桃汁,2
1779,其他,L,波菜汁,2
1780,蔬菜類,G,西梅乾,2
1781,調味料,K,香樁醬,2
1782,其他,L,麻吉燒,2
1783,調味料,K,黑豆粉,2
1784,其他,L,左手香,2
1785,蔬菜類,G,波士頓萵苣,2
1786,海鮮類,F,飛刀,2
1787,蔬菜類,G,冬瓜皮,2
1788,海菜菇蕈中藥,I,大黃,2
1789,蛋_豆_奶_豆製品類,H,洋車前子,2
1790,其他,L,酵種,2
1791,調味料,K,豆醬醃床,2
1792,調味料,K,艾草粉,2
1793,蛋_豆_奶_豆製品類,H,羊羹,2
1794,其他,L,青草茶,2
1795,蔬菜類,G,欖仁葉,2
1796,調味料,K,小麥啤酒,2
1797,蔬菜類,G,鹽膚木,2
1798,其他,L,三寶粉,2
1799,調味料,K,葛縷子,2
1800,海鮮類,F,青星九刺鮨,2
1801,其他,L,果茸,2
1802,其他,L,雞蛋殼,2
1803,其他,L,法棍切片,2
1804,蔬菜類,G,橙橘,2
1805,其他,L,蠶豆酥,2
1806,蔬菜類,G,波蘿蜜,2
1807,蛋_豆_奶_豆製品類,H,油揚,2
1808,蔬菜類,G,歐防風,2
1809,海鮮類,F,蝦仁乾,2
1810,其他,L,明太子調理包,2
1811,調味料,K,豉椒醬,2
1812,調味料,K,車前草,2
1813,調味料,K,義式花香醬,2
1814,其他,L,光餅,2
1815,其他,L,紅罌栗泥,2
1816,調味料,K,布蕾粉,2
1817,其他,L,黃金炒飯,2
1818,調味料,K,烈酒,2
1819,海鮮類,F,毛蟹,2
1820,蛋_豆_奶_豆製品類,H,鐵蛋,2
1821,其他,L,瘦肉丁,2
1822,澱粉,J,碰皮麵,2
1823,調味料,K,芥子油,2
1824,海鮮類,F,魚滑,2
1825,調味料,K,柚庵醬,2
1826,海菜菇蕈中藥,I,淡竹葉,2
1827,海菜菇蕈中藥,I,黑珍菇,2
1828,其他,L,紫色色素,2
1829,調味料,K,茴香酒,2
1830,其他,L,牛豬混碎肉,2
1831,調味料,K,香酒汁,2
1832,其他,L,菜乾,2
1833,調味料,K,葛鬱金粉,2
1834,海菜菇蕈中藥,I,鳳尾草,2
1835,蛋_豆_奶_豆製品類,H,貝爾佩斯起司,2
1836,蔬菜類,G,柿乾,2
1837,其他,L,五寶果,2
1838,其他,L,RDF禾法頌尼斯燉菜,2
1839,調味料,K,老虎醬,2
1840,其他,L,桂花露,2
1841,其他,L,綠色色膏,2
1842,澱粉,J,酸種,2
1843,調味料,K,中濃醬,2
1844,調味料,K,玫瑰花醬,2
1845,其他,L,燕麥飯,2
1846,其他,L,素菜酥,2
1847,海鮮類,F,脆皖魚,2
1848,其他,L,食用級竹炭粉,2
1849,調味料,K,五彩辣椒,2
1850,蔬菜類,G,彩色蔬菜,2
1851,海鮮類,F,蘭勃舵魚,2
1852,其他,L,液熊油,2
1853,調味料,K,墨西哥醬,2
1854,調味料,K,果漿,2
1855,調味料,K,紫羅蘭,2
1856,其他,L,核桃糕,2
1857,其他,L,核桃糕,2
1858,調味料,K,荔枝蜜,2
1859,海鮮類,F,魚餅,2
1860,蔬菜類,G,無子葡萄,2
1861,調味料,K,香草籽醬,2
1862,其他,L,櫻桃派,2
1863,其他,L,櫻桃派,2
1864,其他,L,高山茶,2
1865,調味料,K,雪利酒,2
1866,其他,L,手卷,2
1867,調味料,K,素湯頭,2
1868,澱粉,J,什穀雜糧,2
1869,調味料,K,青花椒,2
1870,調味料,K,黃醬,2
1871,其他,L,牛軋糖,2
1872,蛋_豆_奶_豆製品類,H,伍仁果,2
1873,其他,L,洛神茶,2
1874,調味料,K,蒔蘿粉,2
1875,海菜菇蕈中藥,I,煙燻料,2
1876,其他,L,香酸汁,2
1877,蛋_豆_奶_豆製品類,H,卡門貝爾起司,2
1878,羊,D,羊肚,2
1879,蔬菜類,G,罐裝蜜桃,2
1880,其他,L,柿種,2
1881,調味料,K,木糖醇,2
1882,海菜菇蕈中藥,I,五加皮,2
1883,其他,L,烤牛肉片,2
1884,調味料,K,摩卡醬,2
1885,海鮮類,F,墨魚汁,2
1886,其他肉類,E,鮑片,2
1887,調味料,K,寡糖,2
1888,澱粉,J,十穀粉,2
1889,澱粉,J,日式年糕,2
1890,其他,L,日本茶,2
1891,其他,L,糙米麩,2
1892,其他,L,鹽漬紅鮭,2
1893,調味料,K,泰式涼拌醬,2
1894,調味料,K,黑龍炒醬,2
1895,澱粉,J,綜合穀麥片,2
1896,其他,L,吞拿魚罐頭,2
1897,其他肉類,E,鴿肉,2
1898,調味料,K,卡夫奇妙醬,2
1899,調味料,K,京醬牛肉炒醬,2
1900,豬肉,B,辣腸,2
1901,調味料,K,素蛋粉,2
1902,其他,L,麻婆豆腐燴飯,2
1903,調味料,K,沙嗲粉,2
1904,海菜菇蕈中藥,I,雞脾菇,2
1905,調味料,K,曇花,2
1906,海菜菇蕈中藥,I,本菇,2
1907,其他,L,橙花水,2
1908,其他,L,火鍋粉,2
1909,其他,L,咖哩雞丁,2
1910,其他肉類,E,鴨油,2
1911,蔬菜類,G,黑豆芽,2
1912,其他,L,竹碳粉,2
1913,其他,L,糙米粥,2
1914,蛋_豆_奶_豆製品類,H,炸豆腐,2
1915,其他,L,炸豆腐,2
1916,蔬菜類,G,武林菜,2
1917,其他,L,美祿,2
1918,調味料,K,蘿蔔花,2
1919,調味料,K,茶凍粉,2
1920,其他,L,香蘋茶,2
1921,調味料,K,玫瑰花粉,2
1922,其他,L,蘋果派,2
1923,蔬菜類,G,龍舌蘭,2
1924,海菜菇蕈中藥,I,伏苓,2
1925,其他,L,蝦味先,2
1926,其他,L,麻婆豆腐,2
1927,其他,L,純喫茶,2
1928,其他,L,蕨粉,2
1929,海菜菇蕈中藥,I,雞腿菇,2
1930,其他,L,墨西哥捲餅,2
1931,蔬菜類,G,羊奶頭,2
1932,牛肉,A,牛腰,2
1933,調味料,K,酒粕,2
1934,蔬菜類,G,釋迦,2
1935,澱粉,J,脆圓,2
1936,其他,L,素方餅,2
1937,其他,L,甜菜汁,2
1938,其他,L,茶碗蒸,2
1939,蔬菜類,G,紅龍果泥,2
1940,其他,L,焗薯,2
1941,其他,L,諾鈣 C,2
1942,豬肉,B,二層肉,2
1943,調味料,K,土佐醋,2
1944,海菜菇蕈中藥,I,栗子菇,2
1945,澱粉,J,焦糖脆餅,2
1946,海菜菇蕈中藥,I,五爪金英,2
1947,其他,L,草苺粉,2
1948,海鮮類,F,海蜇頭,2
1949,其他,L,枇杷膏,2
1950,調味料,K,欖角,2
1951,澱粉,J,蒸煮麵,2
1952,調味料,K,君橙酒,2
1953,蔬菜類,G,芥菜梗,2
1954,其他肉類,E,鴨心,2
1955,豬肉,B,豬肺,2
1956,調味料,K,通寧水,2
1957,其他,L,焦糖片,2
1958,海鮮類,F,花魚,2
1959,海鮮類,F,魚菲力,2
1960,調味料,K,HP醬,2
1961,海鮮類,F,青衣魚,2
1962,澱粉,J,貓耳朵,2
1963,海鮮類,F,小吉魚,2
1964,海菜菇蕈中藥,I,連翹,2
1965,蛋_豆_奶_豆製品類,H,豆酥,2
1966,調味料,K,紫薯粉,2
1967,其他,L,燉牛肉,2
1968,其他,L,燉牛肉,2
1969,蔬菜類,G,龍鳳果,2
1970,其他,L,燕麥粥,2
1971,其他,L,粟米湯,2
1972,其他,L,沙茶湯底,2
1973,海菜菇蕈中藥,I,葛根,2
1974,調味料,K,藍藻粉,2
1975,調味料,K,香柚醬,2
1976,其他,L,黃色色膏,2
1977,調味料,K,紅潤釀,2
1978,蔬菜類,G,包心芥菜,2
1979,其他,L,蔬菜湯塊,2
1980,其他,L,蝦片,2
1981,調味料,K,接骨木花,2
1982,其他,L,椪餅,2
1983,調味料,K,柑曼怡,2
1984,其他,L,油雞,2
1985,調味料,K,可可粉,2
1986,蛋_豆_奶_豆製品類,H,布利乳酪,2
1987,其他,L,日式燒汁,2
1988,調味料,K,果律醬,2
1989,澱粉,J,澄粉,2
1990,調味料,K,菌菇醬,2
1991,海菜菇蕈中藥,I,雪蛤膏,2
1992,蔬菜類,G,慈菇,2
1993,海鮮類,F,沙蟹,2
1994,其他肉類,E,鵝腿,2
1995,海菜菇蕈中藥,I,金錢草,2
1996,調味料,K,山藥粉,2
1997,海鮮類,F,青嘴魚,2
1998,海鮮類,F,目孔魚,2
1999,海鮮類,F,蟹鉗,2
2000,蔬菜類,G,檳榔花,2
2001,蛋_豆_奶_豆製品類,H,乳清,2
2002,蔬菜類,G,鼠麴草,2
2003,豬肉,B,虎掌,2
2004,調味料,K,藍花汁,2
2005,其他,L,鍋貼,2
2006,澱粉,J,天婦羅粉,2
2007,海鮮類,F,紅蟹,2
2008,調味料,K,醃醬,2
2009,其他,L,鳳梨膏,2
2010,羊,D,羊架,2
2011,海鮮類,F,旭蟹,2
2012,調味料,K,白蒲鉾,2
2013,海鮮類,F,黃鰭鯛,2
2014,其他,L,七葉膽,2
2015,其他,L,大判揚,2
2016,蔬菜類,G,越瓜,2
2017,海菜菇蕈中藥,I,香茹,2
2018,海菜菇蕈中藥,I,牛樟菇,2
2019,豬肉,B,法蘭克福腸,2
2020,蔬菜類,G,麻薏,1
2021,澱粉,J,道明寺粉,1
2022,海鮮類,F,海蟹,1
2023,調味料,K,青紫蘇調味醬,1
2024,調味料,K,香蝦拌醬,1
2025,其他,L,芭樂汁,1
2026,其他肉類,E,鴕鳥頸肉,1
2027,其他,L,福州丸,1
2028,其他,L,杏仁茶,1
2029,其他,L,當歸鴨肉,1
2030,蔬菜類,G,越橘,1
2031,調味料,K,望羅子汁,1
2032,其他,L,醬油雞,1
2033,其他,L,熱帶風情茶,1
2034,其他,L,罐頭朝鮮薊,1
2035,其他,L,臘鴨脾,1
2036,調味料,K,糟滷,1
2037,海鮮類,F,紅尾冬魚,1
2038,其他,L,竹笛,1
2039,其他,L,地瓜球,1
2040,其他,L,灣葉,1
2041,其他,L,蔬菜炒飯,1
2042,其他,L,杏桃汁,1
2043,調味料,K,欖仁醬,1
2044,調味料,K,栗粉,1
2045,海菜菇蕈中藥,I,螺璇藻,1
2046,調味料,K,當歸湯汁,1
2047,蛋_豆_奶_豆製品類,H,翅膀豆,1
2048,澱粉,J,刈包皮,1
2049,海菜菇蕈中藥,I,枇杷葉,1
2050,其他,L,樟木屑,1
2051,蔬菜類,G,鴨鵝芹,1
2052,其他,L,台式油飯,1
2053,其他,L,東方美人茶,1
2054,海菜菇蕈中藥,I,臭草,1
2055,調味料,K,奇香醬,1
2056,其他,L,燕窩,1
2057,其他,L,鳥梅,1
2058,海鮮類,F,金梭魚,1
2059,調味料,K,西洋香料,1
2060,其他,L,膽肝,1
2061,蔬菜類,G,乾蓮葉,1
2062,海鮮類,F,章魚花枝漿,1
2063,調味料,K,塔香油膏,1
2064,海菜菇蕈中藥,I,麥冬,1
2065,調味料,K,辛奇醬,1
2066,海菜菇蕈中藥,I,一陽齒,1
2067,海菜菇蕈中藥,I,一陽齒,1
2068,調味料,K,蓮葉,1
2069,海菜菇蕈中藥,I,紫草,1
2070,調味料,K,PIZZA醬,1
2071,其他,L,泰式烤雞料理包,1
2072,調味料,K,柚醋醬,1
2073,調味料,K,椰蓉,1
2074,蛋_豆_奶_豆製品類,H,牛油奶,1
2075,蔬菜類,G,萵筍,1
2076,調味料,K,白曝油,1
2077,其他肉類,E,菜鴨,1
2078,其他,L,瑞典薄餅,1
2079,調味料,K,芙蓉花,1
2080,澱粉,J,肉鬆土司,1
2081,其他,L,薄荷糖,1
2082,其他,L,奶黃餡,1
2083,調味料,K,鮮辣淋汁,1
2084,豬肉,B,乳豬,1
2085,調味料,K,爆香調味醬,1
2086,其他,L,熟烤雞胸,1
2087,澱粉,J,蚵仔麵線,1
2088,其他,L,蚵仔麵線,1
2089,調味料,K,半支蓮,1
2090,其他肉類,E,鵝胗,1
2091,海菜菇蕈中藥,I,五香包,1
2092,其他,L,酒味濃湯,1
2093,其他,L,越式湯頭,1
2094,調味料,K,桔利蜜,1
2095,其他,L,起司薄餅,1
2096,其他,L,酸甜汁,1
2097,調味料,K,藿香,1
2098,海菜菇蕈中藥,I,玉帶根,1
2099,蔬菜類,G,白菜芽,1
2100,蛋_豆_奶_豆製品類,H,奇雅籽,1
2101,調味料,K,老土司,1
2102,其他,L,蛋塔液,1
2103,調味料,K,沿蔉粉,1
2104,其他,L,菇菇炊飯,1
2105,海菜菇蕈中藥,I,姬松茸,1
2106,其他,L,熟肉絲,1
2107,海鮮類,F,甘仔魚,1
2108,其他,L,脆瓜汁,1
2109,海鮮類,F,紅鱸,1
2110,其他,L,金線蓮茶包,1
2111,其他,L,土耳其餅,1
2112,海鮮類,F,河鰻,1
2113,其他,L,罐裝金槍魚,1
2114,其他,L,鹽漬銀鮭,1
2115,調味料,K,尼斯醬,1
2116,其他,L,醉雞腿,1
2117,蔬菜類,G,燈籠果,1
2118,其他,L,梅泥,1
2119,調味料,K,韓式甘味調味粉,1
2120,其他,L,班蘭汁,1
2121,澱粉,J,湯包皮,1
2122,豬肉,B,肉角,1
2123,調味料,K,甜蘿勒,1
2124,其他,L,鮮豬凍,1
2125,其他,L,茶泡飯料,1
2126,海鮮類,F,石狗公,1
2127,其他,L,費南雪,1
2128,海菜菇蕈中藥,I,七層塔,1
2129,其他,L,鹽水鴨胸肉,1
2130,調味料,K,韓式拌醬,1
2131,蔬菜類,G,筍嫩尖,1
2132,其他,L,茉莉茶梗,1
2133,海菜菇蕈中藥,I,東阿阿膠,1
2134,其他,L,可頌餅,1
2135,調味料,K,韓式燉醬,1
2136,其他,L,海浮石,1
2137,調味料,K,粑粑絲醬,1
2138,海鮮類,F,劍旗魚,1
2139,蔬菜類,G,臭菜,1
2140,其他,L,卵磷脂,1
2141,調味料,K,桔香料,1
2142,其他,L,香蘭汁,1
2143,其他肉類,E,珠螺,1
2144,調味料,K,蘿凱花,1
2145,調味料,K,七里香,1
2146,其他,L,紫山藥丸子,1
2147,調味料,K,梅鹽,1
2148,牛肉,A,丁骨牛排,1
2149,其他,L,鳳柳汁,1
2150,調味料,K,馬麥醬,1
2151,蛋_豆_奶_豆製品類,H,山水豆腐,1
2152,其他,L,黑色色素,1
2153,調味料,K,葛樓子,1
2154,海鮮類,F,飛魚,1
2155,海菜菇蕈中藥,I,雪花菇,1
2156,海菜菇蕈中藥,I,苦地膽,1
2157,調味料,K,優酪蝦球調味汁,1
2158,海鮮類,F,白剌蝦,1
2159,其他,L,魯菜,1
2160,其他,L,槓香藤,1
2161,蔬菜類,G,芽苗菜,1
2162,其他,L,義大利玉米粥,1
2163,其他肉類,E,藤壺,1
2164,其他,L,樂活玫萃麗包,1
2165,豬肉,B,豬眼筋,1
2166,其他,L,眝麻根,1
2167,其他,L,甜燒餅,1
2168,其他,L,摩卡冰砂粉,1
2169,調味料,K,泰式香料,1
2170,其他肉類,E,兔肉,1
2171,其他,L,梅干扣肉,1
2172,調味料,K,奶香湯頭,1
2173,調味料,K,花果香料醬,1
2174,其他,L,素麵包,1
2175,海菜菇蕈中藥,I,鐵樹葉,1
2176,海鮮類,F,蝦蛄,1
2177,調味料,K,鰹魚水,1
2178,調味料,K,茶末,1
2179,其他,L,淡小蘿蔔水泡菜,1
2180,海菜菇蕈中藥,I,虎尾草,1
2181,其他肉類,E,鵝頭,1
2182,其他,L,滷雞珍,1
2183,其他,L,黃金雪花片,1
2184,調味料,K,烤雞粉,1
2185,其他,L,蛋卷,1
2186,海鮮類,F,蘆筍貝,1
2187,海鮮類,F,金門蟹,1
2188,調味料,K,西汁,1
2189,調味料,K,牛小椒,1
2190,海鮮類,F,榮螺肉,1
2191,蔬菜類,G,荔枝果泥,1
2192,調味料,K,亞麻籽油,1
2193,海鮮類,F,青鱗魚,1
2194,蔬菜類,G,甜菊葉,1
2195,海鮮類,F,水針魚,1
2196,其他,L,蔬菜冰磚,1
2197,海鮮類,F,沙梭魚,1
2198,其他,L,煮鵝湯,1
2199,雞肉,C,水雞,1
2200,蔬菜類,G,大根芽,1
2201,調味料,K,濃縮紅甜菜汁料理粉,1
2202,調味料,K,焦糖粉,1
2203,其他,L,寒天春雨,1
2204,蛋_豆_奶_豆製品類,H,紅蛋,1
2205,其他,L,蜜柑原汁,1
2206,調味料,K,蛋油,1
2207,調味料,K,炸香料,1
2208,調味料,K,壺底蔭醬,1
2209,蔬菜類,G,無籽加州梅,1
2210,其他,L,馬卡龍殼,1
2211,海菜菇蕈中藥,I,桑枝片,1
2212,蔬菜類,G,花菜心,1
2213,調味料,K,金蓮花,1
2214,調味料,K,素耗油,1
2215,澱粉,J,粉稞,1
2216,蔬菜類,G,紫高活芽,1
2217,蔬菜類,G,日本梅,1
2218,蔬菜類,G,茄冬葉,1
2219,調味料,K,茄冬葉,1
2220,其他,L,龍吐珠,1
2221,其他,L,蜜漬汁,1
2222,蛋_豆_奶_豆製品類,H,十穀奶,1
2223,其他,L,紀州梅,1
2224,調味料,K,菩提葉,1
2225,其他,L,Q心皮,1
2226,其他,L,脆藻,1
2227,其他,L,廣式烤鴨,1
2228,調味料,K,石古子,1
2229,調味料,K,豌豆粉,1
2230,其他,L,茄汁燉豆,1
2231,蔬菜類,G,糖漬蔓越苺果粒,1
2232,海鮮類,F,鯪魚,1
2233,調味料,K,香豉醬,1
2234,其他,L,紫藷香鬆,1
2235,蔬菜類,G,節瓜花,1
2236,海鮮類,F,魚唇,1
2237,蛋_豆_奶_豆製品類,H,鳥豆,1
2238,其他,L,菊花茶包,1
2239,調味料,K,春川燉雞塊調理醬,1
2240,澱粉,J,修飾澱粉,1
2241,調味料,K,芝麻糖粉,1
2242,蛋_豆_奶_豆製品類,H,豆皮包,1
2243,其他,L,沙拉堡,1
2244,海鮮類,F,燕魚,1
2245,其他,L,維他命c軟糖,1
2246,其他,L,蘋果派餡,1
2247,海菜菇蕈中藥,I,含殼草,1
2248,蛋_豆_奶_豆製品類,H,白刀豆,1
2249,調味料,K,四色調味醬,1
2250,其他,L,蒜味鹹酥雞,1
2251,海菜菇蕈中藥,I,山槴子,1
2252,海鮮類,F,魚腸,1
2253,其他,L,清燉雞湯,1
2254,調味料,K,藍梅醬,1
2255,其他,L,茶凍,1
2256,其他,L,餅乾派殼,1
2257,其他,L,開味小菜,1
2258,其他,L,人篸茶包,1
2259,其他,L,農村派,1
2260,其他肉類,E,麥皮蟲,1
2261,蔬菜類,G,翼豆,1
2262,其他,L,羅布麻茶包,1
2263,其他,L,臘味,1
2264,其他,L,豬排蓋飯,1
2265,澱粉,J,熟麥仔,1
2266,蔬菜類,G,客家褔菜,1
2267,海菜菇蕈中藥,I,苦蔘根,1
2268,海菜菇蕈中藥,I,茄苳,1
2269,海鮮類,F,象魚,1
2270,其他,L,淡醬粉,1
2271,海鮮類,F,沙魚煙,1
2272,調味料,K,杜卡,1
2273,其他,L,五花燒肉,1
2274,調味料,K,龍蒿葉,1
2275,其他,L,芭蕉葉,1
2276,其他,L,花雕醉雞汁,1
2277,蔬菜類,G,黃瓜皮,1
2278,調味料,K,蔥油醬,1
2279,其他,L,蜜薯片,1
2280,其他,L,蔬果汁,1
2281,羊,D,羊肩肉,1
2282,蔬菜類,G,泰式小圓茄,1
2283,蔬菜類,G,草苺乾,1
2284,蔬菜類,G,水楊菜,1
2285,澱粉,J,酥心粉,1
2286,海菜菇蕈中藥,I,柳仔茄,1
2287,其他,L,鋁粉,1
2288,其他,L,糖漬鬼椒,1
2289,調味料,K,十三香,1
2290,其他,L,水晶粉,1
2291,海菜菇蕈中藥,I,蜜柑皮屑,1
2292,其他,L,葡萄糖粉,1
2293,蔬菜類,G,甘果,1
2294,調味料,K,醬酒,1
2295,澱粉,J,煎餃皮,1
2296,蔬菜類,G,青蘿蔔,1
2297,其他,L,松茸汁,1
2298,蔬菜類,G,野韭菜,1
2299,蔬菜類,G,雞屎藤,1
2300,澱粉,J,扁食皮,1
2301,調味料,K,魯肉罐頭,1
2302,蔬菜類,G,豬母菜,1
2303,海菜菇蕈中藥,I,藍藻,1
2304,調味料,K,雪蓮花,1
2305,蔬菜類,G,冰山捲心,1
2306,牛肉,A,牛頭皮,1
2307,其他,L,蒸燒賣的湯汁,1
2308,蛋_豆_奶_豆製品類,H,帕芙隆起士,1
2309,海鮮類,F,蚌,1
2310,其他肉類,E,鹿肉,1
2311,其他,L,照燒豬肉,1
2312,蔬菜類,G,奶油萵苣,1
2313,其他,L,泡椒水,1
2314,其他,L,燉肉丸子,1
2315,其他,L,燉肉丸子,1
2316,調味料,K,原味醬包,1
2317,調味料,K,粗豆醬,1
2318,調味料,K,肉醬,1
2319,其他,L,杏仁豆腐丁,1
2320,海鮮類,F,泥鰍,1
2321,牛肉,A,牛腸,1
2322,其他,L,香瓜汁,1
2323,蔬菜類,G,乾藍梅粒,1
2324,其他,L,接骨木花汁,1
2325,蔬菜類,G,紫色甘藍,1
2326,其他,L,西檸汁,1
2327,其他,L,青南瓜泥,1
2328,其他,L,傳統英國茶,1
2329,蛋_豆_奶_豆製品類,H,素肉丸,1
2330,調味料,K,梅精,1
2331,其他,L,五香肉丁,1
2332,其他,L,蔥燒湯頭,1
2333,調味料,K,燒肉丼醬,1
2334,其他,L,黑芝麻交切片,1
2335,調味料,K,山葵葉,1
2336,澱粉,J,芙蓉糕粉,1
2337,其他,L,齋湯,1
2338,調味料,K,天婦羅沾料,1
2339,調味料,K,日式料理粉,1
2340,海鮮類,F,松阪魚,1
2341,海菜菇蕈中藥,I,野山蔘,1
2342,蔬菜類,G,乾枇杷葉,1
2343,調味料,K,亮光膠,1
2344,蛋_豆_奶_豆製品類,H,大麻籽,1
2345,其他,L,泡芙殼,1
2346,其他,L,和風炊飯,1
2347,其他,L,咖哩雞醬料包,1
2348,其他,L,潤餅,1
2349,其他,L,薄燒魚,1
2350,蔬菜類,G,薺菜,1
2351,其他,L,司康,1
2352,調味料,K,三巴醬,1
2353,蛋_豆_奶_豆製品類,H,胡麻豆腐,1
2354,海菜菇蕈中藥,I,佛甲草,1
2355,其他,L,韓國冷湯包,1
2356,其他,L,龍眼汁,1
2357,其他,L,御飯糰雙手捲,1
2358,其他肉類,E,蛇肉,1
2359,蔬菜類,G,白腰豆,1
2360,其他,L,小亨堡,1
2361,海鮮類,F,蟹殼,1
2362,其他,L,葵果泰式打拋調理包,1
2363,其他,L,酸白菜湯汁,1
2364,蔬菜類,G,脆桃,1
2365,調味料,K,香草冰砂粉,1
2366,海菜菇蕈中藥,I,通草,1
2367,海菜菇蕈中藥,I,滑菇,1
2368,其他,L,印度香料茶,1
2369,蔬菜類,G,紅梨,1
2370,海菜菇蕈中藥,I,四神中藥包,1
2371,其他,L,蜜桃茶包,1
2372,海菜菇蕈中藥,I,雷公草,1
2373,海菜菇蕈中藥,I,帝王菇,1
2374,其他,L,小饅頭點心餅,1
2375,其他,L,義大利燴海鮮調味汁,1
2376,其他,L,時鮭切片,1
2377,蛋_豆_奶_豆製品類,H,蠶豆,1
2378,其他,L,玫瑰紅茶汁,1
2379,其他肉類,E,鴨骨,1
2380,其他,L,炸衣,1
2381,其他,L,蘆薈汁,1
2382,調味料,K,Taco調味粉,1
2383,其他,L,懷舊點心,1
2384,其他,L,蜜豆奶,1
2385,調味料,K,食用菊,1
2386,海菜菇蕈中藥,I,尖尾風,1
2387,其他,L,仙楂洛神,1
2388,其他,L,菜鬆,1
2389,海菜菇蕈中藥,I,炙耆,1
2390,蔬菜類,G,蓴菜,1
2391,其他,L,港式波蘿包,1
2392,其他,L,7-11茶攤手搖風,1
2393,海菜菇蕈中藥,I,辛夷,1
2394,海鮮類,F,燕尾斑,1
2395,其他,L,當歸羊肉藥包,1
2396,海鮮類,F,中華鱘,1
2397,其他,L,玫瑰花茶粉,1
2398,其他,L,雪菜汁,1
2399,海菜菇蕈中藥,I,使君子,1
2400,其他,L,海鮮炊飯料,1
2401,調味料,K,黃金菊,1
2402,蔬菜類,G,碟瓜,1
2403,蔬菜類,G,黃麻菜,1
2404,澱粉,J,煎包皮,1
2405,海菜菇蕈中藥,I,何首烏藥包,1
2406,調味料,K,青豆粉,1
2407,海鮮類,F,龍腸,1
2408,調味料,K,柚子葉,1
2409,其他,L,酸筍,1
2410,其他,L,廣式臘鴨腿,1
2411,其他,L,鍋燒意麵,1
2412,海鮮類,F,殼魚,1
2413,其他,L,絲路,1
2414,其他,L,醬牛肉,1
2415,調味料,K,忘憂草,1
2416,蛋_豆_奶_豆製品類,H,豆胗,1
2417,其他,L,豬骨湯,1
2418,其他,L,硝鹽,1
2419,蔬菜類,G,蛇豆,1
2420,蔬菜類,G,金銀菜,1
2421,海鮮類,F,紅槽魚,1
2422,其他,L,狗尾草湯包,1
2423,蔬菜類,G,甘蔗渣,1
2424,其他,L,肺炎草,1
2425,海菜菇蕈中藥,I,桑白皮,1
2426,蔬菜類,G,樹莓,1
2427,調味料,K,木棉,1
2428,其他,L,Sahnesteif,1
2429,澱粉,J,澱粉條,1
2430,其他,L,果粒茶,1
2431,海菜菇蕈中藥,I,白鶴靈芝,1
2432,蛋_豆_奶_豆製品類,H,虎豆,1
2433,蛋_豆_奶_豆製品類,H,母乳,1
2434,調味料,K,辣鮮露,1
2435,其他,L,紅土,1
2436,海菜菇蕈中藥,I,猴尾仔,1
2437,蔬菜類,G,仙鶴草,1
2438,調味料,K,涼拌酢,1
2439,澱粉,J,菜頭粿,1
2440,海鮮類,F,蛤乾,1
2441,其他,L,巴蘭葉汁,1
2442,其他,L,塔士塔達,1
2443,調味料,K,台灣搵醬,1
2444,其他,L,高麗蔘精,1
2445,海菜菇蕈中藥,I,韓國菇,1
2446,調味料,K,刺山柑,1
2447,海菜菇蕈中藥,I,蛤蚧,1
2448,海菜菇蕈中藥,I,香薷,1
2449,其他,L,醃蔥頭,1
2450,海菜菇蕈中藥,I,桑枝,1
2451,豬肉,B,豬小肚,1
2452,其他,L,麻蓉餡,1
2453,調味料,K,雪利醋,1
2454,海鮮類,F,魚尾巴,1
2455,調味料,K,o急汁,1
2456,海鮮類,F,蝦母,1
2457,蔬菜類,G,豇菜,1
2458,其他,L,椒麻花生,1
2459,其他,L,大阪燒料理包,1
2460,其他,L,鬆糕,1
2461,其他肉類,E,鴕鳥腩肉,1
2462,其他,L,馬蹄糕,1
2463,其他,L,太和湯,1
2464,蔬菜類,G,青龍菜,1
2465,海鮮類,F,皮刀魚,1
2466,其他,L,燻雞餡,1
2467,海菜菇蕈中藥,I,丹蔘,1
2468,海菜菇蕈中藥,I,海唇菜,1
2469,海菜菇蕈中藥,I,巴蕉葉,1
2470,其他,L,素炒手,1
2471,其他,L,太妃糖,1
2472,蔬菜類,G,鬚苣,1
2473,調味料,K,黑胡椒蘑菇醬,1
2474,調味料,K,金盞花,1
2475,調味料,K,金盞花,1
2476,澱粉,J,螺絲粉,1
2477,其他,L,洋甘菊茶包,1
2478,蔬菜類,G,菊花南瓜,1
2479,其他,L,黃色著色劑,1
2480,調味料,K,摩洛哥香料,1
2481,其他,L,醃紅梅肉,1
2482,其他,L,大吉嶺茶,1
2483,海菜菇蕈中藥,I,甜珠草,1
2484,調味料,K,緬甸酸豆醬,1
2485,調味料,K,褐醬,1
2486,調味料,K,山海醬,1
2487,海鮮類,F,黑喉,1
2488,其他,L,菠菜飯,1
2489,其他,L,小麥草汁,1
2490,其他,L,小米粥,1
2491,其他,L,鴨肉湯頭,1
2492,蛋_豆_奶_豆製品類,H,蛋末,1
2493,海鮮類,F,青魚,1
2494,其他,L,椰殼,1
2495,其他,L,花果香料,1
2496,蛋_豆_奶_豆製品類,H,焗豆,1
2497,調味料,K,醉雞汁,1
2498,其他,L,蛋黃素,1
2499,調味料,K,蜂膠,1
2500,其他,L,小麥草濃縮膠囊,1
2501,其他,L,桂花烏龍茶湯,1
2502,其他,L,香柚汁,1
2503,其他,L,核桃酥,1
2504,調味料,K,特製醬料,1
2505,其他,L,封仔雞,1
2506,其他,L,丸久小山園抹茶,1
2507,調味料,K,熟油,1
2508,海菜菇蕈中藥,I,枯梗,1
2509,其他,L,清燉湯頭,1
2510,調味料,K,赤查某,1
2511,其他,L,藥燉湯頭,1
2512,海菜菇蕈中藥,I,興渠,1
2513,其他,L,越南薄餅,1
2514,其他肉類,E,香螺,1
2515,調味料,K,蘋果花,1
2516,澱粉,J,五穀饅頭,1
2517,蔬菜類,G,蔬菜乾,1
2518,蔬菜類,G,廣東萵苣,1
2519,調味料,K,香糟蒸醬,1
2520,海菜菇蕈中藥,I,乾葛,1
2521,澱粉,J,義大利脆硬餅,1
2522,海鮮類,F,西施舌,1
2523,其他,L,薄片肉,1
2524,其他,L,桃山奶黃餡,1
2525,調味料,K,加多加多醬,1
2526,其他,L,鮮味湯頭,1
2527,海菜菇蕈中藥,I,肉蓯蓉,1
2528,其他,L,紅色墨西哥豆罐頭,1
2529,調味料,K,海鮮香料,1
2530,其他,L,紫心地瓜漿,1
2531,調味料,K,鹵水,1
2532,其他,L,素肉躁,1
2533,調味料,K,鹼油,1
2534,調味料,K,美國西南方風味香料粉,1
2535,其他,L,芋汁,1
2536,調味料,K,醬鼓,1
2537,其他,L,湯筍,1
2538,調味料,K,珍珠粉,1
2539,蔬菜類,G,鴨梨,1
2540,海菜菇蕈中藥,I,墨角蘭,1
2541,其他,L,青葙,1
2542,其他,L,餅乾棒,1
2543,其他,L,四果莓茶包,1
2544,調味料,K,牛腩醬,1
2545,其他,L,素百頁,1
2546,調味料,K,豬骨醬,1
2547,其他,L,函館荒鮭,1
2548,其他,L,紫玉菜,1
2549,其他,L,豬牛混和肉餅,1
2550,調味料,K,柿霜,1
2551,海鮮類,F,炸蝦,1
2552,其他,L,立康養生固骨寶膠塊,1
2553,其他,L,罐頭蘋果,1
2554,其他,L,嫩煎菲力,1
2555,海菜菇蕈中藥,I,螺旋藻,1
2556,其他,L,牧草汁,1
2557,調味料,K,廣東油雞淋醬,1
2558,其他,L,水果茶,1
2559,蛋_豆_奶_豆製品類,H,亞答子,1
2560,調味料,K,蒜蓉酥,1
2561,其他,L,金美人仙女貝罐頭,1
2562,調味料,K,辣木,1
2563,其他,L,小黃瓜汁,1
2564,其他肉類,E,乾螺頭,1
2565,海鮮類,F,北極貝,1
2566,調味料,K,蘭姆精,1
2567,其他,L,黑瓜汁,1
2568,其他,L,果凍液,1
2569,其他,L,琵琶膏,1
2570,其他,L,素竹輪,1
2571,其他,L,焦糖絲,1
2572,調味料,K,抹茶拉堤粉,1
2573,海菜菇蕈中藥,I,大青葉,1
2574,蔬菜類,G,麻薏粉,1
2575,其他,L,素筋,1
2576,調味料,K,霸王花,1
2577,其他,L,木須肉絲,1
2578,其他,L,肉圓,1
2579,澱粉,J,雪娘皮,1
2580,海菜菇蕈中藥,I,知母,1
2581,海菜菇蕈中藥,I,酒杯菇,1
2582,其他,L,可可蜜糖,1
2583,其他,L,雞肉飯,1
2584,其他,L,炸雞翅,1
2585,蔬菜類,G,蕎麥芽,1
2586,其他肉類,E,鵝心,1
2587,其他,L,月餅餡,1
2588,其他,L,北平烤鴨,1
2589,其他肉類,E,蟋蟀,1
2590,海菜菇蕈中藥,I,鹿尾菜,1
2591,海菜菇蕈中藥,I,明日葉,1
2592,調味料,K,宮保雞丁醬,1
2593,調味料,K,醬爆醬,1
2594,其他,L,荳蔻脆捲,1
2595,澱粉,J,穀類,1
2596,其他,L,車輪卷,1
2597,其他,L,桃膠,1
2598,其他,L,三味淋汁,1
2599,蛋_豆_奶_豆製品類,H,脫脂乳,1
2600,其他,L,北海道白醬湯塊,1
2601,其他,L,西瓜汁,1
2602,其他,L,星洲炒米粉,1
2603,其他,L,橘色食用色素,1
2604,其他,L,Scotch Finger,1
2605,其他,L,蝶荳藍花,1
2606,蔬菜類,G,西洋菊苣,1
2607,調味料,K,番茜粉,1
2608,澱粉,J,甜八寶,1
2609,調味料,K,雞蛋花,1
2610,海菜菇蕈中藥,I,高麗蔘藥包,1
2611,其他,L,筍香飯,1
2612,調味料,K,微酵多醣醋,1
2613,海菜菇蕈中藥,I,黃精,1
2614,海菜菇蕈中藥,I,槐花,1
2615,調味料,K,珍珠梅,1
2616,其他,L,金萱,1
2617,其他,L,金萱,1
2618,海菜菇蕈中藥,I,木香,1
2619,其他,L,台畜歐式冷蹄,1
2620,其他,L,四方餅,1
2621,其他,L,花果茶酒汁,1
2622,其他,L,黑罌粒果泥,1
2623,其他,L,炸豆包皮,1
2624,蔬菜類,G,藤心,1
2625,海鮮類,F,三角仔,1
2626,澱粉,J,蒸粉,1
2627,澱粉,J,蒸粉,1
2628,調味料,K,美式綜合調味粉,1
2629,蔬菜類,G,菁菜,1
2630,蔬菜類,G,雞骨草,1
2631,蔬菜類,G,沙律菜,1
2632,蔬菜類,G,醃菜,1
2633,蛋_豆_奶_豆製品類,H,素輪,1
2634,其他,L,佛跳牆,1
2635,其他,L,金品比薩,1
2636,其他,L,干瓢煮,1
2637,調味料,K,雪菊,1
2638,調味料,K,鰹魚鹽,1
2639,其他,L,模範生點心餅,1
2640,其他,L,椒鹽點心棒,1
2641,蔬菜類,G,假人蔘,1
2642,其他,L,木炭,1
2643,海鮮類,F,鱒鮭,1
2644,其他,L,蛋包飯,1
2645,其他肉類,E,鵝肉丸,1
2646,調味料,K,麻糬粉,1
2647,海菜菇蕈中藥,I,鉤藤,1
2648,海鮮類,F,蝦籽,1
2649,海鮮類,F,海泥鰍,1
2650,海鮮類,F,花蟹蚶,1
2651,其他,L,奶昔,1
2652,調味料,K,蒜辣鹽,1
2653,其他,L,天廚麻婆調理包,1
2654,其他,L,越式涼拌汁,1
2655,調味料,K,花萼,1
2656,海菜菇蕈中藥,I,傘菇,1
2657,調味料,K,月見沾醬,1
2658,其他,L,康寶獨享杯,1
2659,其他,L,熱帶風情茶包,1
2660,澱粉,J,磨牙餅,1
2661,調味料,K,中華調味粉,1
2662,其他,L,肉泥冰磚,1
2663,其他,L,炸雞腿,1
2664,其他,L,什錦豆,1
2665,調味料,K,核桃酪甜醬,1
2666,其他,L,麻婆醬調理包,1
2667,調味料,K,檸檬糖漿,1
2668,調味料,K,歐石南,1
2669,其他,L,四色蔬菜棒,1
2670,澱粉,J,派餅,1
2671,其他,L,破布子蒸肉,1
2672,其他,L,能量粉,1
2673,蔬菜類,G,椰纖,1
2674,蔬菜類,G,草苺泥,1
2675,海菜菇蕈中藥,I,女貞子,1
2676,蔬菜類,G,蔬菜條,1
2677,其他,L,養生湯包,1
2678,其他,L,鏗魚香鬆,1
2679,豬肉,B,匈牙利辣腸,1
2680,調味料,K,調理素肉漿,1
2681,蛋_豆_奶_豆製品類,H,豆籤,1
2682,其他,L,咖啡色色膏,1
2683,其他,L,雞尾酒餡,1
2684,其他,L,沙其瑪,1
2685,其他,L,雪茄,1
2686,其他,L,酒藥,1
2687,澱粉,J,塔克皮,1
2688,其他,L,蔬菜泥,1
2689,海菜菇蕈中藥,I,黃耳,1
2690,海菜菇蕈中藥,I,蓮子心,1
2691,調味料,K,黑輪沾醬,1
2692,其他,L,千層香酥薄餅,1
2693,其他,L,日式鏗魚汁,1
2694,其他,L,醃漬菜,1
2695,其他,L,牛尾湯,1
2696,其他,L,醉雞胸,1
2697,其他,L,珍菇精,1
2698,海鮮類,F,蝦丁,1
2699,其他,L,素蛋黃,1
2700,其他,L,羊肉鍋湯,1
2701,蔬菜類,G,脆李,1
2702,調味料,K,歐利歐夾心餡,1
2703,海菜菇蕈中藥,I,羊栖菜,1
2704,調味料,K,玫瑰花露,1
2705,調味料,K,乳香醬,1
2706,調味料,K,甜葉菊,1
2707,蔬菜類,G,貢菜,1
2708,其他,L,餃子餡,1
2709,其他,L,芋丸,1
2710,其他,L,能量飲料,1
2711,海菜菇蕈中藥,I,蝴蝶果,1
2712,調味料,K,韓國辣炒醬,1
2713,海菜菇蕈中藥,I,霸王菇,1
2714,其他,L,蒜味湯頭,1
2715,調味料,K,白汁粉,1
2716,其他,L,韭花甜條,1
2717,調味料,K,義式調味粉,1
2718,其他,L,碳酸氫氨,1
2719,海菜菇蕈中藥,I,澤瀉,1
2720,其他,L,櫻花素,1
2721,蔬菜類,G,川牛膝,1
2722,海鮮類,F,鯰魚,1
2723,其他,L,叻沙Laksa調理包,1
2724,調味料,K,黑鹽,1
2725,其他,L,花雕醉雞,1
